taxonName	taxonPath	recordCount
Chordata	Animalia|Chordata||||||Chordata	31
Cryptoblepharus poecilopleurus (Wiegmann, 1836)	Animalia|Chordata|Reptilia|Squamata|Scincidae|Cryptoblepharus|poecilopleurus|Cryptoblepharus poecilopleurus (Wiegmann, 1836)	20
Onychoprion fuscatus (Linnaeus, 1766)	Animalia|Chordata|Aves|Charadriiformes|Laridae|Onychoprion|fuscatus|Onychoprion fuscatus (Linnaeus, 1766)	17
Lepidodactylus lugubris Duméril & Bibron, 1836	Animalia|Chordata|Reptilia|Squamata|Gekkonidae|Lepidodactylus|lugubris|Lepidodactylus lugubris Duméril & Bibron, 1836	15
Cryptoblepharus poecilopleurus Wiegmann, 1836	Animalia|Chordata|Reptilia|Squamata|Scincidae|Cryptoblepharus|poecilopleurus|Cryptoblepharus poecilopleurus Wiegmann, 1836	11
Puffinus nativitatis Streets, 1877	Animalia|Chordata|Aves|Procellariiformes|Procellariidae|Puffinus|nativitatis|Puffinus nativitatis Streets, 1877	10
Pterodroma alba (Gmelin, 1789)	Animalia|Chordata|Aves|Procellariiformes|Procellariidae|Pterodroma|alba|Pterodroma alba (Gmelin, 1789)	9
Stegastes aureus (Fowler, 1927)	Animalia|Chordata|Actinopterygii|Perciformes|Pomacentridae|Stegastes|aureus|Stegastes aureus (Fowler, 1927)	8
Apolemichthys xanthopunctatus Burgess, 1973	Animalia|Chordata|Actinopterygii|Perciformes|Pomacanthidae|Apolemichthys|xanthopunctatus|Apolemichthys xanthopunctatus Burgess, 1973	8
Arothron meleagris (Anonymous, 1798)	Animalia|Chordata|Actinopterygii|Tetraodontiformes|Tetraodontidae|Arothron|meleagris|Arothron meleagris (Anonymous, 1798)	8
Apolemichthys xanthopunctatus	Animalia|Chordata|Actinopterygii|Perciformes|Pomacanthidae|Apolemichthys|Apolemichthys xanthopunctatus	8
Stegastes aureus	Animalia|Chordata|Actinopterygii|Perciformes|Pomacentridae|Stegastes|Stegastes aureus	8
Arthropoda	Animalia|Arthropoda||||||Arthropoda	8
Sula sula (Linnaeus, 1766)	Animalia|Chordata|Aves|Suliformes|Sulidae|Sula|sula|Sula sula (Linnaeus, 1766)	8
Anous stolidus (Linnaeus, 1758)	Animalia|Chordata|Aves|Charadriiformes|Laridae|Anous|stolidus|Anous stolidus (Linnaeus, 1758)	8
Arothron meleagris	Animalia|Chordata|Actinopterygii|Tetraodontiformes|Tetraodontidae|Arothron|Arothron meleagris	8
Fregata minor (Gmelin, 1789)	Animalia|Chordata|Aves|Suliformes|Fregatidae|Fregata|minor|Fregata minor (Gmelin, 1789)	7
Sula dactylatra Lesson, 1831	Animalia|Chordata|Aves|Suliformes|Sulidae|Sula|dactylatra|Sula dactylatra Lesson, 1831	7
Phaethon rubricauda Boddaert, 1783	Animalia|Chordata|Aves|Phaethontiformes|Phaethontidae|Phaëthon|rubricauda|Phaethon rubricauda Boddaert, 1783	7
Onychoprion fuscatus subsp. oahuensis (A. Bloxam, 1827)	Animalia|Chordata|Aves|Charadriiformes|Laridae|Onychoprion|fuscatus|Onychoprion fuscatus subsp. oahuensis (A. Bloxam, 1827)	7
Onychoprion fuscatus oahuensis (A. Bloxam, 1827)	Animalia|Chordata|Aves|Charadriiformes|Laridae|Onychoprion|fuscatus|Onychoprion fuscatus oahuensis (A. Bloxam, 1827)	7
Sula leucogaster (Boddaert, 1783)	Animalia|Chordata|Aves|Suliformes|Sulidae|Sula|leucogaster|Sula leucogaster (Boddaert, 1783)	7
Procelsterna cerulea subsp. cerulea	Animalia|Chordata|Aves|Charadriiformes|Laridae|Procelsterna|cerulea|Procelsterna cerulea subsp. cerulea	6
Pomacentridae	Animalia|Chordata|Actinopterygii|Perciformes|Pomacentridae|||Pomacentridae	6
Puffinus pacificus (Gmelin, 1789)	Animalia|Chordata|Aves|Procellariiformes|Procellariidae|Puffinus|pacificus|Puffinus pacificus (Gmelin, 1789)	6
Chaetodon meyeri Bloch & Schneider, 1801	Animalia|Chordata|Actinopterygii|Perciformes|Chaetodontidae|Chaetodon|meyeri|Chaetodon meyeri Bloch & Schneider, 1801	6
Chaetodon meyeri	Animalia|Chordata|Actinopterygii|Perciformes|Chaetodontidae|Chaetodon|Chaetodon meyeri	6
Gracila albomarginata	Animalia|Chordata|Actinopterygii|Perciformes|Serranidae|Gracila|Gracila albomarginata	6
Cephalopholis miniata	Animalia|Chordata|Actinopterygii|Perciformes|Serranidae|Cephalopholis|Cephalopholis miniata	6
Parasalenia gratiosa A. Agassiz, 1863	Animalia|Echinodermata|Echinoidea|Camarodonta|Parasaleniidae|Parasalenia|gratiosa|Parasalenia gratiosa A. Agassiz, 1863	6
Dascyllus auripinnis Randall & Randall, 2001	Animalia|Chordata|Actinopterygii|Perciformes|Pomacentridae|Dascyllus|auripinnis|Dascyllus auripinnis Randall & Randall, 2001	6
Dascyllus auripinnis	Animalia|Chordata|Actinopterygii|Perciformes|Pomacentridae|Dascyllus|Dascyllus auripinnis	6
Chaetodon vagabundus Linnaeus, 1758	Animalia|Chordata|Actinopterygii|Perciformes|Chaetodontidae|Chaetodon|vagabundus|Chaetodon vagabundus Linnaeus, 1758	6
Fregata ariel (G. R. Gray, 1845)	Animalia|Chordata|Aves|Suliformes|Fregatidae|Fregata|ariel|Fregata ariel (G. R. Gray, 1845)	6
Gygis alba (Sparrman, 1786)	Animalia|Chordata|Aves|Charadriiformes|Laridae|Gygis|alba|Gygis alba (Sparrman, 1786)	6
Chaetodon vagabundus	Animalia|Chordata|Actinopterygii|Perciformes|Chaetodontidae|Chaetodon|Chaetodon vagabundus	6
Zosimus aeneus (Linnaeus, 1758)	Animalia|Arthropoda|Malacostraca|Decapoda|Xanthidae|Zosimus|aeneus|Zosimus aeneus (Linnaeus, 1758)	5
Anous minutus F. Boie, 1844	Animalia|Chordata|Aves|Charadriiformes|Laridae|Anous|minutus|Anous minutus F. Boie, 1844	5
Arothron stellatus (Anonymous, 1798)	Animalia|Chordata|Actinopterygii|Tetraodontiformes|Tetraodontidae|Arothron|stellatus|Arothron stellatus (Anonymous, 1798)	4
Halichoeres hortulanus	Animalia|Chordata|Actinopterygii|Perciformes|Labridae|Halichoeres|Halichoeres hortulanus	4
Chaetodon bennetti	Animalia|Chordata|Actinopterygii|Perciformes|Chaetodontidae|Chaetodon|Chaetodon bennetti	4
Acanthurus lineatus (Linnaeus, 1758)	Animalia|Chordata|Actinopterygii|Perciformes|Acanthuridae|Acanthurus|lineatus|Acanthurus lineatus (Linnaeus, 1758)	4
Onuxodon margaritiferae (Rendahl, 1921)	Animalia|Chordata|Actinopterygii|Ophidiiformes|Carapidae|Onuxodon|margaritiferae|Onuxodon margaritiferae (Rendahl, 1921)	4
Balistoides conspicillum (Bloch & Schneider, 1801)	Animalia|Chordata|Actinopterygii|Tetraodontiformes|Balistidae|Balistoides|conspicillum|Balistoides conspicillum (Bloch & Schneider, 1801)	4
Zebrasoma rostratum	Animalia|Chordata|Actinopterygii|Perciformes|Acanthuridae|Zebrasoma|Zebrasoma rostratum	4
Panulirus versicolor	Animalia|Arthropoda|Malacostraca|Decapoda|Palinuridae|Panulirus|Panulirus versicolor	4
Dardanus deformis (H. Milne Edwards, 1836)	Animalia|Arthropoda|Malacostraca|Decapoda|Diogenidae|Dardanus|deformis|Dardanus deformis (H. Milne Edwards, 1836)	4
Lysiosquillina maculata (J. C. Fabricius, 1793)	Animalia|Arthropoda|Malacostraca|Stomatopoda|Lysiosquillidae|Lysiosquillina|maculata|Lysiosquillina maculata (J. C. Fabricius, 1793)	4
Sufflamen chrysopterum (Bloch & Schneider, 1801)	Animalia|Chordata|Actinopterygii|Tetraodontiformes|Balistidae|Sufflamen|chrysopterum|Sufflamen chrysopterum (Bloch & Schneider, 1801)	4
Chaetodon ulietensis	Animalia|Chordata|Actinopterygii|Perciformes|Chaetodontidae|Chaetodon|Chaetodon ulietensis	4
Eriphia scabricula Dana, 1852	Animalia|Arthropoda|Malacostraca|Decapoda|Eriphiidae|Eriphia|scabricula|Eriphia scabricula Dana, 1852	4
Lepidodactylus Fitzinger, 1843	Animalia|Chordata|Reptilia|Squamata|Gekkonidae|Lepidodactylus||Lepidodactylus Fitzinger, 1843	4
Centropyge loriculus	Animalia|Chordata|Actinopterygii|Perciformes|Pomacanthidae|Centropyge|Centropyge loriculus	4
Heniochus acuminatus (Linnaeus, 1758)	Animalia|Chordata|Actinopterygii|Perciformes|Chaetodontidae|Heniochus|acuminatus|Heniochus acuminatus (Linnaeus, 1758)	4
Panulirus versicolor (Latreille, 1804)	Animalia|Arthropoda|Malacostraca|Decapoda|Palinuridae|Panulirus|versicolor|Panulirus versicolor (Latreille, 1804)	4
Arothron stellatus	Animalia|Chordata|Actinopterygii|Tetraodontiformes|Tetraodontidae|Arothron|Arothron stellatus	4
Heniochus acuminatus	Animalia|Chordata|Actinopterygii|Perciformes|Chaetodontidae|Heniochus|Heniochus acuminatus	4
Pseudanthias bartlettorum	Animalia|Chordata|Actinopterygii|Perciformes|Serranidae|Pseudanthias|Pseudanthias bartlettorum	4
Zebrasoma rostratum (Günther, 1875)	Animalia|Chordata|Actinopterygii|Perciformes|Acanthuridae|Zebrasoma|rostratum|Zebrasoma rostratum (Günther, 1875)	4
Chaetodon bennetti Cuvier, 1831	Animalia|Chordata|Actinopterygii|Perciformes|Chaetodontidae|Chaetodon|bennetti|Chaetodon bennetti Cuvier, 1831	4
Sufflamen chrysopterum	Animalia|Chordata|Actinopterygii|Tetraodontiformes|Balistidae|Sufflamen|Sufflamen chrysopterum	4
Balistoides conspicillum	Animalia|Chordata|Actinopterygii|Tetraodontiformes|Balistidae|Balistoides|Balistoides conspicillum	4
Epibulus insidiator	Animalia|Chordata|Actinopterygii|Perciformes|Labridae|Epibulus|Epibulus insidiator	4
Acanthurus lineatus	Animalia|Chordata|Actinopterygii|Perciformes|Acanthuridae|Acanthurus|Acanthurus lineatus	4
Cephalopholis urodeta	Animalia|Chordata|Actinopterygii|Perciformes|Serranidae|Cephalopholis|Cephalopholis urodeta	4
Hemigymnus fasciatus	Animalia|Chordata|Actinopterygii|Perciformes|Labridae|Hemigymnus|Hemigymnus fasciatus	4
Pocillopora Lamarck, 1816	Animalia|Cnidaria|Anthozoa|Scleractinia|Pocilloporidae|Pocillopora||Pocillopora Lamarck, 1816	4
Tringa incana (Gmelin, 1789)	Animalia|Chordata|Aves|Charadriiformes|Scolopacidae|Tringa|incana|Tringa incana (Gmelin, 1789)	4
Scarus tricolor Bleeker, 1847	Animalia|Chordata|Actinopterygii|Perciformes|Scaridae|Scarus|tricolor|Scarus tricolor Bleeker, 1847	4
Pseudozius caystrus (Adams & White, 1849)	Animalia|Arthropoda|Malacostraca|Decapoda|Pseudoziidae|Pseudozius|caystrus|Pseudozius caystrus (Adams & White, 1849)	4
Halichoeres hortulanus (Lacepède, 1801)	Animalia|Chordata|Actinopterygii|Perciformes|Labridae|Halichoeres|hortulanus|Halichoeres hortulanus (Lacepède, 1801)	4
Manta alfredi	Animalia|Chordata|Elasmobranchii|Myliobatiformes|Myliobatidae|Manta|Manta alfredi	4
Onychoprion lunatus (Peale, 1848)	Animalia|Chordata|Aves|Charadriiformes|Laridae|Onychoprion|lunatus|Onychoprion lunatus (Peale, 1848)	4
Scarus tricolor	Animalia|Chordata|Actinopterygii|Perciformes|Scaridae|Scarus|Scarus tricolor	4
Gracila albomarginata (Fowler & Bean, 1930)	Animalia|Chordata|Actinopterygii|Perciformes|Serranidae|Gracila|albomarginata|Gracila albomarginata (Fowler & Bean, 1930)	4
Cephalopholis urodeta (Forster, 1801)	Animalia|Chordata|Actinopterygii|Perciformes|Serranidae|Cephalopholis|urodeta|Cephalopholis urodeta (Forster, 1801)	4
Sula leucogaster	Animalia|Chordata|Aves|Suliformes|Sulidae|Sula|Sula leucogaster	4
Pseudosquilla ciliata (J. C. Fabricius, 1787)	Animalia|Arthropoda|Malacostraca|Stomatopoda|Pseudosquillidae|Pseudosquilla|ciliata|Pseudosquilla ciliata (J. C. Fabricius, 1787)	4
Chaetodon ulietensis Cuvier, 1831	Animalia|Chordata|Actinopterygii|Perciformes|Chaetodontidae|Chaetodon|ulietensis|Chaetodon ulietensis Cuvier, 1831	4
Procelsterna cerulea (F. D. Bennett, 1840)	Animalia|Chordata|Aves|Charadriiformes|Laridae|Procelsterna|cerulea|Procelsterna cerulea (F. D. Bennett, 1840)	4
Cephalopholis miniata (Forsskål, 1775)	Animalia|Chordata|Actinopterygii|Perciformes|Serranidae|Cephalopholis|miniata|Cephalopholis miniata (Forsskål, 1775)	4
Echinostrephus aciculatus A. Agassiz, 1863	Animalia|Echinodermata|Echinoidea|Camarodonta|Echinometridae|Echinostrephus|aciculatus|Echinostrephus aciculatus A. Agassiz, 1863	4
Trimma Jordan & Seale, 1906	Animalia|Chordata|Actinopterygii|Perciformes|Gobiidae|Trimma||Trimma Jordan & Seale, 1906	4
Herposiphonia variabilis Hollenberg, 1968	Plantae|Rhodophyta|Florideophyceae|Ceramiales|Rhodomelaceae|Herposiphonia|variabilis|Herposiphonia variabilis Hollenberg, 1968	3
Centropyge loricula (Günther, 1874)	Animalia|Chordata|Actinopterygii|Perciformes|Pomacanthidae|Centropyge|loricula|Centropyge loricula (Günther, 1874)	3
Pluvialis fulva (Gmelin, 1789)	Animalia|Chordata|Aves|Charadriiformes|Charadriidae|Pluvialis|fulva|Pluvialis fulva (Gmelin, 1789)	3
Distichopora nitida Verrill, 1864	Animalia|Cnidaria|Hydrozoa|Anthoathecata|Stylasteridae|Distichopora|nitida|Distichopora nitida Verrill, 1864	3
Nesofregetta fuliginosa (Gmelin, 1789)	Animalia|Chordata|Aves|Procellariiformes|Hydrobatidae|Nesofregetta|fuliginosa|Nesofregetta fuliginosa (Gmelin, 1789)	3
Leucophaeus atricilla (Linnaeus, 1758)	Animalia|Chordata|Aves|Charadriiformes|Laridae|Leucophaeus|atricilla|Leucophaeus atricilla (Linnaeus, 1758)	3
Thalasseus bergii (Lichtenstein, 1823)	Animalia|Chordata|Aves|Charadriiformes|Laridae|Thalaseus|bergii|Thalasseus bergii (Lichtenstein, 1823)	3
Numenius tahitiensis (Gmelin, 1789)	Animalia|Chordata|Aves|Charadriiformes|Scolopacidae|Numenius|tahitiensis|Numenius tahitiensis (Gmelin, 1789)	3
Centropyge loriculus (Günther, 1874)	Animalia|Chordata|Actinopterygii|Perciformes|Pomacanthidae|Centropyge|loriculus|Centropyge loriculus (Günther, 1874)	3
Gymnothorax undulatus	Animalia|Chordata|Actinopterygii|Anguilliformes|Muraenidae|Gymnothorax|Gymnothorax undulatus	3
Pterois volitans (Linnaeus, 1758)	Animalia|Chordata|Actinopterygii|Scorpaeniformes|Scorpaenidae|Pterois|volitans|Pterois volitans (Linnaeus, 1758)	2
Plagiotremus rhinorhynchos (Bleeker, 1852)	Animalia|Chordata|Actinopterygii|Perciformes|Blenniidae|Plagiotremus|rhinorhynchos|Plagiotremus rhinorhynchos (Bleeker, 1852)	2
Hippidae	Animalia|Arthropoda|Malacostraca|Decapoda|Hippidae|||Hippidae	2
Thalassoma lutescens	Animalia|Chordata|Actinopterygii|Perciformes|Labridae|Thalassoma|Thalassoma lutescens	2
Hologymnosus doliatus (Lacepède, 1801)	Animalia|Chordata|Actinopterygii|Perciformes|Labridae|Hologymnosus|doliatus|Hologymnosus doliatus (Lacepède, 1801)	2
Carangoides orthogrammus (Jordan & Gilbert, 1882)	Animalia|Chordata|Actinopterygii|Perciformes|Carangidae|Carangoides|orthogrammus|Carangoides orthogrammus (Jordan & Gilbert, 1882)	2
Aluterus scriptus	Animalia|Chordata|Actinopterygii|Tetraodontiformes|Monacanthidae|Aluterus|Aluterus scriptus	2
Lutjanus kasmira	Animalia|Chordata|Actinopterygii|Perciformes|Lutjanidae|Lutjanus|Lutjanus kasmira	2
Pseudanthias olivaceus (Randall & McCosker, 1982)	Animalia|Chordata|Actinopterygii|Perciformes|Serranidae|Pseudanthias|olivaceus|Pseudanthias olivaceus (Randall & McCosker, 1982)	2
Pseudocheilinus octotaenia	Animalia|Chordata|Actinopterygii|Perciformes|Labridae|Pseudocheilinus|Pseudocheilinus octotaenia	2
Monotaxis grandoculis	Animalia|Chordata|Actinopterygii|Perciformes|Lethrinidae|Monotaxis|Monotaxis grandoculis	2
Lutjanus gibbus	Animalia|Chordata|Actinopterygii|Perciformes|Lutjanidae|Lutjanus|Lutjanus gibbus	2
Mugil Linnaeus, 1758	Animalia|Chordata|Actinopterygii|Mugiliformes|Mugilidae|Mugil||Mugil Linnaeus, 1758	2
Thalasseus bergii	Animalia|Chordata|Aves|Charadriiformes|Laridae|Thalasseus|Thalasseus bergii	2
Cardisoma carnifex	Animalia|Arthropoda|Malacostraca|Decapoda|Gecarcinidae|Cardisoma|Cardisoma carnifex	2
Pachygrapsus plicatus (H. Milne Edwards, 1837)	Animalia|Arthropoda|Malacostraca|Decapoda|Grapsidae|Pachygrapsus|plicatus|Pachygrapsus plicatus (H. Milne Edwards, 1837)	2
Halichoeres ornatissimus	Animalia|Chordata|Actinopterygii|Perciformes|Labridae|Halichoeres|Halichoeres ornatissimus	2
Lepidodactylus lugubris	Animalia|Chordata|Reptilia|Squamata|Gekkonidae|Lepidodactylus|Lepidodactylus lugubris	2
Pseudanthias cooperi	Animalia|Chordata|Actinopterygii|Perciformes|Serranidae|Pseudanthias|Pseudanthias cooperi	2
Sargocentron ittodai (Jordan & Fowler, 1902)	Animalia|Chordata|Actinopterygii|Beryciformes|Holocentridae|Sargocentron|ittodai|Sargocentron ittodai (Jordan & Fowler, 1902)	2
Pseudanthias olivaceus	Animalia|Chordata|Actinopterygii|Perciformes|Serranidae|Pseudanthias|Pseudanthias olivaceus	2
Actinopyga mauritiana (Quoy & Gaimard, 1834)	Animalia|Echinodermata|Holothuroidea|Aspidochirotida|Holothuriidae|Actinopyga|mauritiana|Actinopyga mauritiana (Quoy & Gaimard, 1834)	2
Chaetodon ornatissimus	Animalia|Chordata|Actinopterygii|Perciformes|Chaetodontidae|Chaetodon|Chaetodon ornatissimus	2
Bothus mancus (Broussonet, 1782)	Animalia|Chordata|Actinopterygii|Pleuronectiformes|Bothidae|Bothus|mancus|Bothus mancus (Broussonet, 1782)	2
Bryaninops yongei (Davis & Cohen, 1969)	Animalia|Chordata|Actinopterygii|Perciformes|Gobiidae|Bryaninops|yongei|Bryaninops yongei (Davis & Cohen, 1969)	2
Thalassoma lutescens (Lay & Bennett, 1839)	Animalia|Chordata|Actinopterygii|Perciformes|Labridae|Thalassoma|lutescens|Thalassoma lutescens (Lay & Bennett, 1839)	2
Priolepis nocturna (Smith, 1957)	Animalia|Chordata|Actinopterygii|Perciformes|Gobiidae|Priolepis|nocturna|Priolepis nocturna (Smith, 1957)	2
Triaenodon obesus	Animalia|Chordata|Elasmobranchii|Carcharhiniformes|Carcharhinidae|Triaenodon|Triaenodon obesus	2
Plectroglyphidodon dickii (Liénard, 1839)	Animalia|Chordata|Actinopterygii|Perciformes|Pomacentridae|Plectroglyphidodon|dickii|Plectroglyphidodon dickii (Liénard, 1839)	2
Coris aygula	Animalia|Chordata|Actinopterygii|Perciformes|Labridae|Coris|Coris aygula	2
Gymnothorax flavimarginatus	Animalia|Chordata|Actinopterygii|Anguilliformes|Muraenidae|Gymnothorax|Gymnothorax flavimarginatus	2
Fregata minor	Animalia|Chordata|Aves|Suliformes|Fregatidae|Fregata|Fregata minor	2
Gymnothorax thyrsoideus	Animalia|Chordata|Actinopterygii|Anguilliformes|Muraenidae|Gymnothorax|Gymnothorax thyrsoideus	2
Parupeneus cyclostomus (Lacepède, 1801)	Animalia|Chordata|Actinopterygii|Perciformes|Mullidae|Parupeneus|cyclostomus|Parupeneus cyclostomus (Lacepède, 1801)	2
Epinephelus fasciatus (Forsskål, 1775)	Animalia|Chordata|Actinopterygii|Perciformes|Serranidae|Epinephelus|fasciatus|Epinephelus fasciatus (Forsskål, 1775)	2
Pseudanthias rubrizonatus (Randall, 1983)	Animalia|Chordata|Actinopterygii|Perciformes|Serranidae|Pseudanthias|rubrizonatus|Pseudanthias rubrizonatus (Randall, 1983)	2
Eriphia sebana (Shaw & Nodder, 1803)	Animalia|Arthropoda|Malacostraca|Decapoda|Eriphiidae|Eriphia|sebana|Eriphia sebana (Shaw & Nodder, 1803)	2
Chanos chanos (Forsskål, 1775)	Animalia|Chordata|Actinopterygii|Gonorynchiformes|Chanidae|Chanos|chanos|Chanos chanos (Forsskål, 1775)	2
Pearsonothuria graeffei	Animalia|Echinodermata|Holothuroidea|Aspidochirotida|Holothuriidae|Pearsonothuria|Pearsonothuria graeffei	2
Macrophiothrix virgata (Lyman, 1862)	Animalia|Echinodermata|Ophiuroidea|Ophiurida|Ophiotrichidae|Macrophiothrix|virgata|Macrophiothrix virgata (Lyman, 1862)	2
Paracirrhites hemistictus (Günther, 1874)	Animalia|Chordata|Actinopterygii|Perciformes|Cirrhitidae|Paracirrhites|hemistictus|Paracirrhites hemistictus (Günther, 1874)	2
Jania micrarthrodia J.V. Lamouroux	Plantae|Rhodophyta|Florideophyceae|Corallinales|Corallinaceae|Jania|micrarthrodia|Jania micrarthrodia J.V. Lamouroux	2
Plectranthias nanus Randall, 1980	Animalia|Chordata|Actinopterygii|Perciformes|Serranidae|Plectranthias|nanus|Plectranthias nanus Randall, 1980	2
Lutjanus gibbus (Forsskål, 1775)	Animalia|Chordata|Actinopterygii|Perciformes|Lutjanidae|Lutjanus|gibbus|Lutjanus gibbus (Forsskål, 1775)	2
Lysiosquilla scabricauda (Lamarck, 1818)	Animalia|Arthropoda|Malacostraca|Stomatopoda|Lysiosquillidae|Lysiosquilla|scabricauda|Lysiosquilla scabricauda (Lamarck, 1818)	2
Caranx melampygus	Animalia|Chordata|Actinopterygii|Perciformes|Carangidae|Caranx|Caranx melampygus	2
Chromis caudalis Randall, 1988	Animalia|Chordata|Actinopterygii|Perciformes|Pomacentridae|Chromis|caudalis|Chromis caudalis Randall, 1988	2
Trachythyone peruana (Semper, 1868)	Animalia|Echinodermata|Holothuroidea|Dendrochirotida|Cucumariidae|Trachythyone|peruana|Trachythyone peruana (Semper, 1868)	2
Pomacentrus coelestis Jordan & Starks, 1901	Animalia|Chordata|Actinopterygii|Perciformes|Pomacentridae|Pomacentrus|coelestis|Pomacentrus coelestis Jordan & Starks, 1901	2
Acrocephalus aequinoctialis (Latham, 1790)	Animalia|Chordata|Aves|Passeriformes|Acrocephalidae|Acrocephalus|aequinoctialis|Acrocephalus aequinoctialis (Latham, 1790)	2
Calotomus carolinus	Animalia|Chordata|Actinopterygii|Perciformes|Scaridae|Calotomus|Calotomus carolinus	2
Cheilopogon spilopterus (Valenciennes, 1847)	Animalia|Chordata|Actinopterygii|Beloniformes|Exocoetidae|Cheilopogon|spilopterus|Cheilopogon spilopterus (Valenciennes, 1847)	2
Sargocentron caudimaculatum (Rüppell, 1838)	Animalia|Chordata|Actinopterygii|Beryciformes|Holocentridae|Sargocentron|caudimaculatum|Sargocentron caudimaculatum (Rüppell, 1838)	2
Linckia multifora	Animalia|Echinodermata|Asteroidea|Valvatida|Ophidiasteridae|Linckia|Linckia multifora	2
Holothuria pervicax Selenka, 1867	Animalia|Echinodermata|Holothuroidea|Aspidochirotida|Holothuriidae|Holothuria|pervicax|Holothuria pervicax Selenka, 1867	2
Chaetodon reticulatus	Animalia|Chordata|Actinopterygii|Perciformes|Chaetodontidae|Chaetodon|Chaetodon reticulatus	2
Naso brevirostris	Animalia|Chordata|Actinopterygii|Perciformes|Acanthuridae|Naso|Naso brevirostris	2
Cheilinus trilobatus	Animalia|Chordata|Actinopterygii|Perciformes|Labridae|Cheilinus|Cheilinus trilobatus	2
Lysiosquilla maculata	Animalia|Arthropoda|Malacostraca|Stomatopoda|Lysiosquillidae|Lysiosquilla|maculata|Lysiosquilla maculata	2
Bryaninops yongei	Animalia|Chordata|Actinopterygii|Perciformes|Gobiidae|Bryaninops|Bryaninops yongei	2
Felis catus Linnaeus, 1758	Animalia|Chordata|Mammalia|Carnivora|Felidae|Felis|catus|Felis catus Linnaeus, 1758	2
Chaetodon punctatofasciatus	Animalia|Chordata|Actinopterygii|Perciformes|Chaetodontidae|Chaetodon|Chaetodon punctatofasciatus	2
Macrophthalmus telescopicus Owen, 1839	Animalia|Arthropoda|Malacostraca|Decapoda|Macrophthalmidae|Macrophthalmus|telescopicus|Macrophthalmus telescopicus Owen, 1839	2
Cardisoma carnifex (Herbst, 1796)	Animalia|Arthropoda|Malacostraca|Decapoda|Gecarcinidae|Cardisoma|carnifex|Cardisoma carnifex (Herbst, 1796)	2
Chromis caudalis	Animalia|Chordata|Actinopterygii|Perciformes|Pomacentridae|Chromis|Chromis caudalis	2
Carpilodes tristis Dana, 1852	Animalia|Arthropoda|Malacostraca|Decapoda|Xanthidae|Liomera|tristis|Carpilodes tristis Dana, 1852	2
Balistapus undulatus	Animalia|Chordata|Actinopterygii|Tetraodontiformes|Balistidae|Balistapus|Balistapus undulatus	2
Chaetodon reticulatus Cuvier, 1831	Animalia|Chordata|Actinopterygii|Perciformes|Chaetodontidae|Chaetodon|reticulatus|Chaetodon reticulatus Cuvier, 1831	2
Gymnothorax zonipectis Seale, 1906	Animalia|Chordata|Actinopterygii|Anguilliformes|Muraenidae|Gymnothorax|zonipectis|Gymnothorax zonipectis Seale, 1906	2
Chaetodon ephippium Cuvier, 1831	Animalia|Chordata|Actinopterygii|Perciformes|Chaetodontidae|Chaetodon|ephippium|Chaetodon ephippium Cuvier, 1831	2
Chanos chanos	Animalia|Chordata|Actinopterygii|Gonorynchiformes|Chanidae|Chanos|Chanos chanos	2
Bothus mancus	Animalia|Chordata|Actinopterygii|Pleuronectiformes|Bothidae|Bothus|Bothus mancus	2
Grateloupia filicina (J.V.Lamouroux) C.Agardh, 1822	Plantae|Rhodophyta|Florideophyceae|Halymeniales|Halymeniaceae|Grateloupia|filicina|Grateloupia filicina (J.V.Lamouroux) C.Agardh, 1822	2
Zanclus cornutus (Linnaeus, 1758)	Animalia|Chordata|Actinopterygii|Perciformes|Zanclidae|Zanclus|cornutus|Zanclus cornutus (Linnaeus, 1758)	2
Clibanarius corallinus (H. Milne Edwards, 1848)	Animalia|Arthropoda|Malacostraca|Decapoda|Diogenidae|Clibanarius|corallinus|Clibanarius corallinus (H. Milne Edwards, 1848)	2
Balistoides viridescens (Bloch & Schneider, 1801)	Animalia|Chordata|Actinopterygii|Tetraodontiformes|Balistidae|Balistoides|viridescens|Balistoides viridescens (Bloch & Schneider, 1801)	2
Callogobius Bleeker, 1874	Animalia|Chordata|Actinopterygii|Perciformes|Gobiidae|Callogobius||Callogobius Bleeker, 1874	2
Cirripectes auritus Carlson, 1981	Animalia|Chordata|Actinopterygii|Perciformes|Blenniidae|Cirripectes|auritus|Cirripectes auritus Carlson, 1981	2
Zanclus cornutus	Animalia|Chordata|Actinopterygii|Perciformes|Zanclidae|Zanclus|Zanclus cornutus	2
Octopus cyanea Gray, 1849	Animalia|Mollusca|Cephalopoda|Octopoda|Octopodidae|Octopus|cyanea|Octopus cyanea Gray, 1849	2
Dardanus dearmatus (Henderson, 1888)	Animalia|Arthropoda|Malacostraca|Decapoda|Diogenidae|Dardanus|dearmatus|Dardanus dearmatus (Henderson, 1888)	2
Manta alfredi (Krefft, 1868)	Animalia|Chordata|Elasmobranchii|Myliobatiformes|Myliobatidae|Manta|alfredi|Manta alfredi (Krefft, 1868)	2
Pseudanthias bartlettorum (Randall & Lubbock, 1981)	Animalia|Chordata|Actinopterygii|Perciformes|Serranidae|Pseudanthias|bartlettorum|Pseudanthias bartlettorum (Randall & Lubbock, 1981)	2
Pterocaesio tile	Animalia|Chordata|Actinopterygii|Perciformes|Caesionidae|Pterocaesio|Pterocaesio tile	2
Aphareus furca (Lacepède, 1801)	Animalia|Chordata|Actinopterygii|Perciformes|Lutjanidae|Aphareus|furca|Aphareus furca (Lacepède, 1801)	2
Gymnothorax melatremus Schultz, 1953	Animalia|Chordata|Actinopterygii|Anguilliformes|Muraenidae|Gymnothorax|melatremus|Gymnothorax melatremus Schultz, 1953	2
Aphareus furca	Animalia|Chordata|Actinopterygii|Perciformes|Lutjanidae|Aphareus|Aphareus furca	2
Epinephelus fasciatus	Animalia|Chordata|Actinopterygii|Perciformes|Serranidae|Epinephelus|Epinephelus fasciatus	2
Dendrochirus biocellatus (Fowler, 1938)	Animalia|Chordata|Actinopterygii|Scorpaeniformes|Scorpaenidae|Dendrochirus|biocellatus|Dendrochirus biocellatus (Fowler, 1938)	2
Octopus cyanea	Animalia|Mollusca|Cephalopoda|Octopoda|Octopodidae|Octopus|Octopus cyanea	2
Sargocentron spiniferum	Animalia|Chordata|Actinopterygii|Beryciformes|Holocentridae|Sargocentron|Sargocentron spiniferum	2
Pseudanthias rubrizonatus	Animalia|Chordata|Actinopterygii|Perciformes|Serranidae|Pseudanthias|Pseudanthias rubrizonatus	2
Metopograpsus thukuhar (Owen, 1839)	Animalia|Arthropoda|Malacostraca|Decapoda|Grapsidae|Metopograpsus|thukuhar|Metopograpsus thukuhar (Owen, 1839)	2
Uropterygius kamar McCosker & Randall, 1977	Animalia|Chordata|Actinopterygii|Anguilliformes|Muraenidae|Uropterygius|kamar|Uropterygius kamar McCosker & Randall, 1977	2
Pseudoplesiops Bleeker, 1858	Animalia|Chordata|Actinopterygii|Perciformes|Pseudochromidae|Pseudoplesiops||Pseudoplesiops Bleeker, 1858	2
Selar crumenophthalmus (Bloch, 1793)	Animalia|Chordata|Actinopterygii|Perciformes|Carangidae|Selar|crumenophthalmus|Selar crumenophthalmus (Bloch, 1793)	2
Gnathodentex aureolineatus	Animalia|Chordata|Actinopterygii|Perciformes|Lethrinidae|Gnathodentex|Gnathodentex aureolineatus	2
Oxycheilinus unifasciatus	Animalia|Chordata|Actinopterygii|Perciformes|Labridae|Oxycheilinus|Oxycheilinus unifasciatus	2
Thalassoma quinquevittatum	Animalia|Chordata|Actinopterygii|Perciformes|Labridae|Thalassoma|Thalassoma quinquevittatum	2
Ptereleotris zebra	Animalia|Chordata|Actinopterygii|Perciformes|Microdesmidae|Ptereleotris|Ptereleotris zebra	2
Phaethon rubricauda	Animalia|Chordata|Aves|Phaethontiformes|Phaethontidae|Phaethon|Phaethon rubricauda	2
Paracanthurus hepatus (Linnaeus, 1766)	Animalia|Chordata|Actinopterygii|Perciformes|Acanthuridae|Paracanthurus|hepatus|Paracanthurus hepatus (Linnaeus, 1766)	2
Macrophiothrix demessa (Lyman, 1861)	Animalia|Echinodermata|Ophiuroidea|Ophiurida|Ophiotrichidae|Macrophiothrix|demessa|Macrophiothrix demessa (Lyman, 1861)	2
Daira perlata (Herbst, 1790)	Animalia|Arthropoda|Malacostraca|Decapoda|Dairidae|Daira|perlata|Daira perlata (Herbst, 1790)	2
Pterois volitans	Animalia|Chordata|Actinopterygii|Scorpaeniformes|Scorpaenidae|Pterois|Pterois volitans	2
Coryphopterus Gill, 1863	Animalia|Chordata|Actinopterygii|Perciformes|Gobiidae|Coryphopterus||Coryphopterus Gill, 1863	2
Myctophum brachygnathum (Bleeker, 1856)	Animalia|Chordata|Actinopterygii|Myctophiformes|Myctophidae|Myctophum|brachygnathum|Myctophum brachygnathum (Bleeker, 1856)	2
Parupeneus cyclostomus	Animalia|Chordata|Actinopterygii|Perciformes|Mullidae|Parupeneus|Parupeneus cyclostomus	2
Metalia sternalis (Lamarck, 1816)	Animalia|Echinodermata|Echinoidea|Spatangoida|Brissidae|Metalia|sternalis|Metalia sternalis (Lamarck, 1816)	2
Lethrinus olivaceus	Animalia|Chordata|Actinopterygii|Perciformes|Lethrinidae|Lethrinus|Lethrinus olivaceus	2
Cephalopholis spiloparaea (Valenciennes, 1828)	Animalia|Chordata|Actinopterygii|Perciformes|Serranidae|Cephalopholis|spiloparaea|Cephalopholis spiloparaea (Valenciennes, 1828)	2
Percnon planissimum (Herbst, 1804)	Animalia|Arthropoda|Malacostraca|Decapoda|Percnidae|Percnon|planissimum|Percnon planissimum (Herbst, 1804)	2
Birgus latro (Linnaeus, C., 1767)	Animalia|Arthropoda|Malacostraca|Decapoda|Diogenidae|Birgus|latro|Birgus latro (Linnaeus, C., 1767)	2
Calcinus laevimanus (J. W. Randall, 1840)	Animalia|Arthropoda|Malacostraca|Decapoda|Diogenidae|Calcinus|laevimanus|Calcinus laevimanus (J. W. Randall, 1840)	2
Phascolosoma pacificum Keferstein, 1866	Animalia|Sipuncula|Phascolosomatidea|Phascolosomatiformes|Phascolosomatidae|Phascolosoma|pacificum|Phascolosoma pacificum Keferstein, 1866	2
Epibulus insidiator (Pallas, 1770)	Animalia|Chordata|Actinopterygii|Perciformes|Labridae|Epibulus|insidiator|Epibulus insidiator (Pallas, 1770)	2
Aphis medicaginis Koch, C.L., 1854	Animalia|Arthropoda|Insecta|Hemiptera|Aphididae|Aphis|medicaginis|Aphis medicaginis Koch, C.L., 1854	2
Paracanthurus hepatus	Animalia|Chordata|Actinopterygii|Perciformes|Acanthuridae|Paracanthurus|Paracanthurus hepatus	2
Chaetodon kleinii Bloch, 1790	Animalia|Chordata|Actinopterygii|Perciformes|Chaetodontidae|Chaetodon|kleinii|Chaetodon kleinii Bloch, 1790	2
Pseudodax moluccanus	Animalia|Chordata|Actinopterygii|Perciformes|Labridae|Pseudodax|Pseudodax moluccanus	2
Thalassoma quinquevittatum (Lay & Bennett, 1839)	Animalia|Chordata|Actinopterygii|Perciformes|Labridae|Thalassoma|quinquevittatum|Thalassoma quinquevittatum (Lay & Bennett, 1839)	2
Tridacna gigas (Linnaeus, 1758)	Animalia|Mollusca|Bivalvia|Veneroida|Tridacnidae|Tridacna|gigas|Tridacna gigas (Linnaeus, 1758)	2
Cheilinus trilobatus Lacepède, 1801	Animalia|Chordata|Actinopterygii|Perciformes|Labridae|Cheilinus|trilobatus|Cheilinus trilobatus Lacepède, 1801	2
Caranx melampygus Cuvier, 1833	Animalia|Chordata|Actinopterygii|Perciformes|Carangidae|Caranx|melampygus|Caranx melampygus Cuvier, 1833	2
Hemigymnus fasciatus (Bloch, 1792)	Animalia|Chordata|Actinopterygii|Perciformes|Labridae|Cheilinus|fasciatus|Hemigymnus fasciatus (Bloch, 1792)	2
Jania micrarthrodia J.V.Lamouroux, 1816	Plantae|Rhodophyta|Florideophyceae|Corallinales|Corallinaceae|Jania|micrarthrodia|Jania micrarthrodia J.V.Lamouroux, 1816	2
Pomacentrus micronesicus	Animalia|Chordata|Actinopterygii|Perciformes|Pomacentridae|Pomacentrus|Pomacentrus micronesicus	2
Carpilius maculatus	Animalia|Arthropoda|Malacostraca|Decapoda|Carpiliidae|Carpilius|Carpilius maculatus	2
Halichoeres ornatissimus (Garrett, 1863)	Animalia|Chordata|Actinopterygii|Perciformes|Labridae|Halichoeres|ornatissimus|Halichoeres ornatissimus (Garrett, 1863)	2
Chaetodon lunulatus	Animalia|Chordata|Actinopterygii|Perciformes|Chaetodontidae|Chaetodon|Chaetodon lunulatus	2
Lysiosquilla maculata (Fabricius, 1793)	Animalia|Arthropoda|Malacostraca|Stomatopoda|Lysiosquillidae|Lysiosquillina|maculata|Lysiosquilla maculata (Fabricius, 1793)	2
Acronychia J.R. Forst. & G. Forst.	Plantae|Magnoliophyta|Magnoliopsida|Sapindales|Rutaceae|Acronychia||Acronychia J.R. Forst. & G. Forst.	2
Lutjanus kasmira (Forsskål, 1775)	Animalia|Chordata|Actinopterygii|Perciformes|Lutjanidae|Lutjanus|kasmira|Lutjanus kasmira (Forsskål, 1775)	2
Scarus oviceps	Animalia|Chordata|Actinopterygii|Perciformes|Scaridae|Scarus|Scarus oviceps	2
Thalamita crenata Rüppell, 1830	Animalia|Arthropoda|Malacostraca|Decapoda|Portunidae|Thalamita|crenata|Thalamita crenata Rüppell, 1830	2
Chaetodon punctatofasciatus Cuvier, 1831	Animalia|Chordata|Actinopterygii|Perciformes|Chaetodontidae|Chaetodon|punctatofasciatus|Chaetodon punctatofasciatus Cuvier, 1831	2
Epibulus brevis	Animalia|Chordata|Actinopterygii|Perciformes|Labridae|Epibulus|Epibulus brevis	2
Gymnothorax Bloch, 1795	Animalia|Chordata|Actinopterygii|Anguilliformes|Muraenidae|Gymnothorax||Gymnothorax Bloch, 1795	2
Paracirrhites hemistictus	Animalia|Chordata|Actinopterygii|Perciformes|Cirrhitidae|Paracirrhites|Paracirrhites hemistictus	2
Synapta maculata (Chamisso & Eysenhardt, 1821)	Animalia|Echinodermata|Holothuroidea|Apodida|Synaptidae|Synapta|maculata|Synapta maculata (Chamisso & Eysenhardt, 1821)	2
Lutjanus bohar (Forsskål, 1775)	Animalia|Chordata|Actinopterygii|Perciformes|Lutjanidae|Lutjanus|bohar|Lutjanus bohar (Forsskål, 1775)	2
Leptocephalus Scopoli, 1777	Animalia|Chordata|Actinopterygii|Anguilliformes|Congridae|Conger||Leptocephalus Scopoli, 1777	2
Hemigymnus fasciatus (Bloch, 1792)	Animalia|Chordata|Actinopterygii|Perciformes|Labridae|Hemigymnus|fasciatus|Hemigymnus fasciatus (Bloch, 1792)	2
Bodianus loxozonus	Animalia|Chordata|Actinopterygii|Perciformes|Labridae|Bodianus|Bodianus loxozonus	2
Scarus oviceps Valenciennes, 1840	Animalia|Chordata|Actinopterygii|Perciformes|Scaridae|Scarus|oviceps|Scarus oviceps Valenciennes, 1840	2
Sphyraena qenie	Animalia|Chordata|Actinopterygii|Perciformes|Sphyraenidae|Sphyraena|Sphyraena qenie	2
Linckia multifora (Lamarck, 1816)	Animalia|Echinodermata|Asteroidea|Valvatida|Ophidiasteridae|Linckia|multifora|Linckia multifora (Lamarck, 1816)	2
Scorpaenidae	Animalia|Chordata|Actinopterygii|Scorpaeniformes|Scorpaenidae|||Scorpaenidae	2
Hologymnosus doliatus	Animalia|Chordata|Actinopterygii|Perciformes|Labridae|Hologymnosus|Hologymnosus doliatus	2
Bohadschia argus Jaeger, 1833	Animalia|Echinodermata|Holothuroidea|Aspidochirotida|Holothuriidae|Bohadschia|argus|Bohadschia argus Jaeger, 1833	2
Sula sula	Animalia|Chordata|Aves|Suliformes|Sulidae|Sula|Sula sula	2
Bodianus axillaris	Animalia|Chordata|Actinopterygii|Perciformes|Labridae|Bodianus|Bodianus axillaris	2
Dendrochirus biocellatus	Animalia|Chordata|Actinopterygii|Scorpaeniformes|Scorpaenidae|Dendrochirus|Dendrochirus biocellatus	2
Gnathodentex aureolineatus (Lacepède, 1802)	Animalia|Chordata|Actinopterygii|Perciformes|Lethrinidae|Gnathodentex|aureolineatus|Gnathodentex aureolineatus (Lacepède, 1802)	2
Eriphia Latreille, 1817	Animalia|Arthropoda|Malacostraca|Decapoda|Eriphiidae|Eriphia||Eriphia Latreille, 1817	2
Thysanophrys chiltonae Schultz, 1966	Animalia|Chordata|Actinopterygii|Scorpaeniformes|Platycephalidae|Thysanophrys|chiltonae|Thysanophrys chiltonae Schultz, 1966	2
Acrocephalus aequinoctialis	Animalia|Chordata|Aves|Passeriformes|Acrocephalidae|Acrocephalus|Acrocephalus aequinoctialis	2
Acronychia trifoliolata Zoll. & Mor.	Plantae|Tracheophyta|Magnoliopsida|Sapindales|Rutaceae|Acronychia|trifoliolata|Acronychia trifoliolata Zoll. & Mor.	2
Cephalopholis aurantia (Valenciennes, 1828)	Animalia|Chordata|Actinopterygii|Perciformes|Serranidae|Cephalopholis|aurantia|Cephalopholis aurantia (Valenciennes, 1828)	2
Bodianus axillaris (Bennett, 1832)	Animalia|Chordata|Actinopterygii|Perciformes|Labridae|Bodianus|axillaris|Bodianus axillaris (Bennett, 1832)	2
Fungia scutaria Lamarck, 1801	Animalia|Cnidaria|Anthozoa|Scleractinia|Fungiidae|Fungia|scutaria|Fungia scutaria Lamarck, 1801	2
Centropyge flavissima	Animalia|Chordata|Actinopterygii|Perciformes|Pomacanthidae|Centropyge|Centropyge flavissima	2
Carangoides orthogrammus	Animalia|Chordata|Actinopterygii|Perciformes|Carangidae|Carangoides|Carangoides orthogrammus	2
Onychoprion fuscatus	Animalia|Chordata|Aves|Charadriiformes|Laridae|Onychoprion|Onychoprion fuscatus	2
Cheilopogon spilonotopterus (Bleeker, 1865)	Animalia|Chordata|Actinopterygii|Beloniformes|Exocoetidae|Cheilopogon|spilonotopterus|Cheilopogon spilonotopterus (Bleeker, 1865)	2
Oligochaeta	Animalia|Annelida|Clitellata|||||Oligochaeta	2
Sargocentron spiniferum (Forsskål, 1775)	Animalia|Chordata|Actinopterygii|Beryciformes|Holocentridae|Sargocentron|spiniferum|Sargocentron spiniferum (Forsskål, 1775)	2
Pterocaesio tile (Cuvier, 1830)	Animalia|Chordata|Actinopterygii|Perciformes|Caesionidae|Pterocaesio|tile|Pterocaesio tile (Cuvier, 1830)	2
Caesio teres	Animalia|Chordata|Actinopterygii|Perciformes|Caesionidae|Caesio|Caesio teres	2
Carcharhinus amblyrhynchos (Bleeker, 1856)	Animalia|Chordata|Elasmobranchii|Carcharhiniformes|Carcharhinidae|Carcharhinus|amblyrhynchos|Carcharhinus amblyrhynchos (Bleeker, 1856)	2
Centropyge flavissima (Cuvier, 1831)	Animalia|Chordata|Actinopterygii|Perciformes|Pomacanthidae|Centropyge|flavissima|Centropyge flavissima (Cuvier, 1831)	2
Labroides dimidiatus (Valenciennes, 1839)	Animalia|Chordata|Actinopterygii|Perciformes|Labridae|Labroides|dimidiatus|Labroides dimidiatus (Valenciennes, 1839)	2
Chaetodon kleinii	Animalia|Chordata|Actinopterygii|Perciformes|Chaetodontidae|Chaetodon|Chaetodon kleinii	2
Epinephelus macrospilos	Animalia|Chordata|Actinopterygii|Perciformes|Serranidae|Epinephelus|Epinephelus macrospilos	2
Xanthobrissus A. Agassiz, 1863	Animalia|Echinodermata|Echinoidea|Spatangoida|Brissidae|Metalia||Xanthobrissus A. Agassiz, 1863	2
Macropharyngodon meleagris (Valenciennes, 1839)	Animalia|Chordata|Actinopterygii|Perciformes|Labridae|Macropharyngodon|meleagris|Macropharyngodon meleagris (Valenciennes, 1839)	2
Turbinaria ornata (Turner) J. Agardh	Chromista|Ochrophyta|Phaeophyceae|Fucales|Sargassaceae|Turbinaria|ornata|Turbinaria ornata (Turner) J. Agardh	2
Gymnothorax buroensis (Bleeker, 1857)	Animalia|Chordata|Actinopterygii|Anguilliformes|Muraenidae|Gymnothorax|buroensis|Gymnothorax buroensis (Bleeker, 1857)	2
Carpilius maculatus (Linnaeus, 1758)	Animalia|Arthropoda|Malacostraca|Decapoda|Carpiliidae|Carpilius|maculatus|Carpilius maculatus (Linnaeus, 1758)	2
Chlorodopsis areolata	Animalia|Arthropoda|Malacostraca|Decapoda|Xanthidae|Chlorodopsis|areolata|Chlorodopsis areolata	2
Plectranthias Bleeker, 1873	Animalia|Chordata|Actinopterygii|Perciformes|Serranidae|Plectranthias||Plectranthias Bleeker, 1873	2
Actaea garretti Rathbun, 1906	Animalia|Arthropoda|Malacostraca|Decapoda|Xanthidae|Paractaea|garretti|Actaea garretti Rathbun, 1906	2
Bodianus loxozonus (Snyder, 1908)	Animalia|Chordata|Actinopterygii|Perciformes|Labridae|Bodianus|loxozonus|Bodianus loxozonus (Snyder, 1908)	2
Chaetodon lunulatus Quoy & Gaimard, 1825	Animalia|Chordata|Actinopterygii|Perciformes|Chaetodontidae|Chaetodon|lunulatus|Chaetodon lunulatus Quoy & Gaimard, 1825	2
Leptodius sanguineus (H. Milne Edwards, 1834)	Animalia|Arthropoda|Malacostraca|Decapoda|Xanthidae|Leptodius|sanguineus|Leptodius sanguineus (H. Milne Edwards, 1834)	2
Chromis opercularis (Günther, 1867)	Animalia|Chordata|Actinopterygii|Perciformes|Pomacentridae|Chromis|opercularis|Chromis opercularis (Günther, 1867)	2
Aluterus scriptus (Osbeck, 1765)	Animalia|Chordata|Actinopterygii|Tetraodontiformes|Monacanthidae|Aluterus|scriptus|Aluterus scriptus (Osbeck, 1765)	2
Odonus niger	Animalia|Chordata|Actinopterygii|Tetraodontiformes|Balistidae|Odonus|Odonus niger	2
Chaetodon Linnaeus, 1758	Animalia|Chordata|Actinopterygii|Perciformes|Chaetodontidae|Chaetodon||Chaetodon Linnaeus, 1758	2
Plectroglyphidodon dickii	Animalia|Chordata|Actinopterygii|Perciformes|Pomacentridae|Plectroglyphidodon|Plectroglyphidodon dickii	2
Mullidae	Animalia|Chordata|Actinopterygii|Perciformes|Mullidae|||Mullidae	2
Spongia cerebriformis Duchassaing & Michelotti, 1864	Animalia|Porifera|Demospongiae|Dictyoceratida|Thorectidae|Smenospongia|cerebriformis|Spongia cerebriformis Duchassaing & Michelotti, 1864	2
Excellichlamys spectabilis (Reeve, 1853)	Animalia|Mollusca|Bivalvia|Ostreoida|Pectinidae|Excellichlamys|spectabilis|Excellichlamys spectabilis (Reeve, 1853)	2
Coris aygula Lacepède, 1801	Animalia|Chordata|Actinopterygii|Perciformes|Labridae|Coris|aygula|Coris aygula Lacepède, 1801	2
Plectrypops lima (Valenciennes, 1831)	Animalia|Chordata|Actinopterygii|Beryciformes|Holocentridae|Plectrypops|lima|Plectrypops lima (Valenciennes, 1831)	2
Cardisoma Latreille, 1828	Animalia|Arthropoda|Malacostraca|Decapoda|Gecarcinidae|Cardisoma||Cardisoma Latreille, 1828	2
Chromis opercularis	Animalia|Chordata|Actinopterygii|Perciformes|Pomacentridae|Chromis|Chromis opercularis	2
Gymnothorax thyrsoideus (Richardson, 1845)	Animalia|Chordata|Actinopterygii|Anguilliformes|Muraenidae|Gymnothorax|thyrsoideus|Gymnothorax thyrsoideus (Richardson, 1845)	2
Etisodes Dana, 1852	Animalia|Arthropoda|Malacostraca|Decapoda|Xanthidae|Etisus||Etisodes Dana, 1852	2
Naso brevirostris (Cuvier, 1829)	Animalia|Chordata|Actinopterygii|Perciformes|Acanthuridae|Naso|brevirostris|Naso brevirostris (Cuvier, 1829)	2
Fromia pacifica H.L. Clark, 1921	Animalia|Echinodermata|Asteroidea|Valvatida|Goniasteridae|Fromia|pacifica|Fromia pacifica H.L. Clark, 1921	2
Lutjanus bohar	Animalia|Chordata|Actinopterygii|Perciformes|Lutjanidae|Lutjanus|Lutjanus bohar	2
Pearsonothuria graeffei (Semper, 1868)	Animalia|Echinodermata|Holothuroidea|Aspidochirotida|Holothuriidae|Pearsonothuria|graeffei|Pearsonothuria graeffei (Semper, 1868)	2
Sargocentron diadema (Lacepède, 1802)	Animalia|Chordata|Actinopterygii|Beryciformes|Holocentridae|Sargocentron|diadema|Sargocentron diadema (Lacepède, 1802)	2
Lutjanus fulvus (Forster, 1801)	Animalia|Chordata|Actinopterygii|Perciformes|Lutjanidae|Lutjanus|fulvus|Lutjanus fulvus (Forster, 1801)	2
Gygis alba	Animalia|Chordata|Aves|Charadriiformes|Laridae|Gygis|Gygis alba	2
Bodianus Bloch, 1790	Animalia|Chordata|Actinopterygii|Perciformes|Labridae|Bodianus||Bodianus Bloch, 1790	2
Charybdis erythrodactyla (Lamarck, 1818)	Animalia|Arthropoda|Malacostraca|Decapoda|Portunidae|Charybdis|erythrodactyla|Charybdis erythrodactyla (Lamarck, 1818)	2
Sargocentron caudimaculatum	Animalia|Chordata|Actinopterygii|Beryciformes|Holocentridae|Sargocentron|Sargocentron caudimaculatum	2
Caesio teres Seale, 1906	Animalia|Chordata|Actinopterygii|Perciformes|Caesionidae|Caesio|teres|Caesio teres Seale, 1906	2
Plagusia speciosa Dana, 1851	Animalia|Arthropoda|Malacostraca|Decapoda|Plagusiidae|Plagusia|speciosa|Plagusia speciosa Dana, 1851	2
Anous tenuirostris (Temminck, 1823)	Animalia|Chordata|Aves|Charadriiformes|Laridae|Anous|tenuirostris|Anous tenuirostris (Temminck, 1823)	2
Cephalopholis polleni (Bleeker, 1868)	Animalia|Chordata|Actinopterygii|Perciformes|Serranidae|Cephalopholis|polleni|Cephalopholis polleni (Bleeker, 1868)	2
Bohadschia argus	Animalia|Echinodermata|Holothuroidea|Aspidochirotida|Holothuriidae|Bohadschia|Bohadschia argus	2
Apogon semiornatus Peters, 1876	Animalia|Chordata|Actinopterygii|Perciformes|Apogonidae|Apogon|semiornatus|Apogon semiornatus Peters, 1876	2
Pseudocheilinus octotaenia Jenkins, 1901	Animalia|Chordata|Actinopterygii|Perciformes|Labridae|Pseudocheilinus|octotaenia|Pseudocheilinus octotaenia Jenkins, 1901	2
Cirripectes variolosus (Valenciennes, 1836)	Animalia|Chordata|Actinopterygii|Perciformes|Blenniidae|Cirripectes|variolosus|Cirripectes variolosus (Valenciennes, 1836)	2
Chlorodiella nigra (Forskål, 1775)	Animalia|Arthropoda|Malacostraca|Decapoda|Xanthidae|Chlorodiella|nigra|Chlorodiella nigra (Forskål, 1775)	2
Chelonia mydas	Animalia|Chordata|Reptilia|Testudines|Cheloniidae|Chelonia|Chelonia mydas	2
Coenobita rugosus H. Milne Edwards, 1837	Animalia|Arthropoda|Malacostraca|Decapoda|Coenobitidae|Coenobita|rugosus|Coenobita rugosus H. Milne Edwards, 1837	2
Pseudanthias cooperi (Regan, 1902)	Animalia|Chordata|Actinopterygii|Perciformes|Serranidae|Pseudanthias|cooperi|Pseudanthias cooperi (Regan, 1902)	2
Pseudanthias dispar	Animalia|Chordata|Actinopterygii|Perciformes|Serranidae|Pseudanthias|Pseudanthias dispar	2
Sphyraena qenie Klunzinger, 1870	Animalia|Chordata|Actinopterygii|Perciformes|Sphyraenidae|Sphyraena|qenie|Sphyraena qenie Klunzinger, 1870	2
Ctenochaetus marginatus	Animalia|Chordata|Actinopterygii|Perciformes|Acanthuridae|Ctenochaetus|Ctenochaetus marginatus	2
Epinephelus macrospilos (Bleeker, 1855)	Animalia|Chordata|Actinopterygii|Perciformes|Serranidae|Epinephelus|macrospilos|Epinephelus macrospilos (Bleeker, 1855)	2
Plagiotremus rhinorhynchos	Animalia|Chordata|Actinopterygii|Perciformes|Blenniidae|Plagiotremus|Plagiotremus rhinorhynchos	2
Carcharhinus melanopterus (Quoy & Gaimard, 1824)	Animalia|Chordata|Elasmobranchii|Carcharhiniformes|Carcharhinidae|Carcharhinus|melanopterus|Carcharhinus melanopterus (Quoy & Gaimard, 1824)	2
Porites cylindrica Dana, 1846	Animalia|Cnidaria|Anthozoa|Scleractinia|Poritidae|Porites|cylindrica|Porites cylindrica Dana, 1846	2
Comanthus wahlbergii (Müller, 1843)	Animalia|Echinodermata|Crinoidea|Comatulida|Comasteridae|Comanthus|wahlbergii|Comanthus wahlbergii (Müller, 1843)	2
Oxycheilinus unifasciatus (Streets, 1877)	Animalia|Chordata|Actinopterygii|Perciformes|Labridae|Oxycheilinus|unifasciatus|Oxycheilinus unifasciatus (Streets, 1877)	2
Gymnothorax flavimarginatus (Rüppell, 1830)	Animalia|Chordata|Actinopterygii|Anguilliformes|Muraenidae|Gymnothorax|flavimarginatus|Gymnothorax flavimarginatus (Rüppell, 1830)	2
Dardanus megistos (J. F. W. Herbst, 1804)	Animalia|Arthropoda|Malacostraca|Decapoda|Diogenidae|Dardanus|megistos|Dardanus megistos (J. F. W. Herbst, 1804)	2
Macropharyngodon meleagris	Animalia|Chordata|Actinopterygii|Perciformes|Labridae|Macropharyngodon|Macropharyngodon meleagris	2
Brotula multibarbata Temminck & Schlegel, 1846	Animalia|Chordata|Actinopterygii|Ophidiiformes|Ophidiidae|Brotula|multibarbata|Brotula multibarbata Temminck & Schlegel, 1846	2
Chaetodon ephippium	Animalia|Chordata|Actinopterygii|Perciformes|Chaetodontidae|Chaetodon|Chaetodon ephippium	2
Chaetodon ornatissimus Cuvier, 1831	Animalia|Chordata|Actinopterygii|Perciformes|Chaetodontidae|Chaetodon|ornatissimus|Chaetodon ornatissimus Cuvier, 1831	2
Tringa incana	Animalia|Chordata|Aves|Charadriiformes|Scolopacidae|Tringa|Tringa incana	2
Helcogramma striatum	Animalia|Chordata|Actinopterygii|Perciformes|Tripterygiidae|Helcogramma|Helcogramma striatum	2
Pseudanthias dispar (Herre, 1955)	Animalia|Chordata|Actinopterygii|Perciformes|Serranidae|Pseudanthias|dispar|Pseudanthias dispar (Herre, 1955)	2
Balistapus undulatus (Park, 1797)	Animalia|Chordata|Actinopterygii|Tetraodontiformes|Balistidae|Balistapus|undulatus|Balistapus undulatus (Park, 1797)	2
Porites compressa Dana, 1846	Animalia|Cnidaria|Anthozoa|Scleractinia|Poritidae|Porites|compressa|Porites compressa Dana, 1846	2
Pseudodax moluccanus (Valenciennes, 1840)	Animalia|Chordata|Actinopterygii|Perciformes|Labridae|Pseudodax|moluccanus|Pseudodax moluccanus (Valenciennes, 1840)	2
Hyporhamphus acutus (Günther, 1872)	Animalia|Chordata|Actinopterygii|Beloniformes|Hemiramphidae|Hyporhamphus|acutus|Hyporhamphus acutus (Günther, 1872)	2
Trizopagurus strigatus (Herbst, 1804)	Animalia|Arthropoda|Malacostraca|Decapoda|Diogenidae|Ciliopagurus|strigatus|Trizopagurus strigatus (Herbst, 1804)	2
Ctenochaetus marginatus (Valenciennes, 1835)	Animalia|Chordata|Actinopterygii|Perciformes|Acanthuridae|Ctenochaetus|marginatus|Ctenochaetus marginatus (Valenciennes, 1835)	2
Balistoides viridescens	Animalia|Chordata|Actinopterygii|Tetraodontiformes|Balistidae|Balistoides|Balistoides viridescens	2
Sargocentron inaequalis Randall & Heemstra, 1985	Animalia|Chordata|Actinopterygii|Beryciformes|Holocentridae|Sargocentron|inaequalis|Sargocentron inaequalis Randall & Heemstra, 1985	2
Lethrinus olivaceus Valenciennes, 1830	Animalia|Chordata|Actinopterygii|Perciformes|Lethrinidae|Lethrinus|olivaceus|Lethrinus olivaceus Valenciennes, 1830	2
Monotaxis grandoculis (Forsskål, 1775)	Animalia|Chordata|Actinopterygii|Perciformes|Lethrinidae|Monotaxis|grandoculis|Monotaxis grandoculis (Forsskål, 1775)	2
Lutjanus fulvus	Animalia|Chordata|Actinopterygii|Perciformes|Lutjanidae|Lutjanus|Lutjanus fulvus	2
Cephalopholis polleni	Animalia|Chordata|Actinopterygii|Perciformes|Serranidae|Cephalopholis|Cephalopholis polleni	2
Hippidae Latreille, 1825	Animalia|Arthropoda|Malacostraca|Decapoda|Hippidae|||Hippidae Latreille, 1825	2
Hesione reticulata Marenzeller, 1879	Animalia|Annelida|Polychaeta|Phyllodocida|Hesionidae|Hesione|reticulata|Hesione reticulata Marenzeller, 1879	2
Parapercis Bleeker, 1863	Animalia|Chordata|Actinopterygii|Perciformes|Pinguipedidae|Parapercis||Parapercis Bleeker, 1863	1
Sebastapistes coniorta Jenkins, 1903	Animalia|Chordata|Actinopterygii|Scorpaeniformes|Scorpaenidae|Sebastapistes|coniorta|Sebastapistes coniorta Jenkins, 1903	1
Nemateleotris decora Randall & Allen, 1973	Animalia|Chordata|Actinopterygii|Perciformes|Microdesmidae|Nemateleotris|decora|Nemateleotris decora Randall & Allen, 1973	1
Padina Adanson, 1763	Chromista|Ochrophyta|Phaeophyceae|Dictyotales|Dictyotaceae|Padina||Padina Adanson, 1763	1
Tripterygiidae	Animalia|Chordata|Actinopterygii|Perciformes|Tripterygiidae|||Tripterygiidae	1
Onychoteuthis Lichtenstein, 1818	Animalia|Mollusca|Cephalopoda|Teuthida|Onychoteuthidae|Onychoteuthis||Onychoteuthis Lichtenstein, 1818	1
Ostorhinchus Lacepède, 1802	Animalia|Chordata|Actinopterygii|Perciformes|Apogonidae|Ostorhinchus||Ostorhinchus Lacepède, 1802	1
Ceratodictyon variabile (J. Agardhj) R. Norris	Plantae|Rhodophyta|Florideophyceae|Rhodymeniales|Lomentariaceae|Gelidiopsis|variabile|Ceratodictyon variabile (J. Agardhj) R. Norris	1
Turrilatirus iris (Lightfoot, 1786)	Animalia|Mollusca|Gastropoda|Neogastropoda|Fasciolariidae|Turrilatirus|iris|Turrilatirus iris (Lightfoot, 1786)	1
Cheilinus undulatus Rüppell, 1835	Animalia|Chordata|Actinopterygii|Perciformes|Labridae|Cheilinus|undulatus|Cheilinus undulatus Rüppell, 1835	1
Chlamys irregularis (G. B. Sowerby II, 1842)	Animalia|Cnidaria|Anthozoa|Scleractinia|Pectiniidae|Laevichlamys|irregularis|Chlamys irregularis (G. B. Sowerby II, 1842)	1
Mirapecten spiceri (Rehder, 1944)	Animalia|Cnidaria|Anthozoa|Scleractinia|Pectiniidae|Mirapecten|spiceri|Mirapecten spiceri (Rehder, 1944)	1
Nemateleotris decora Randall & Allen, 1973	Animalia|Chordata|Actinopterygii|Perciformes|Ptereleotridae|Nemateleotris|decora|Nemateleotris decora Randall & Allen, 1973	1
Hemisquillidae Manning, 1980	Animalia|Arthropoda|Malacostraca|Stomatopoda|Hemisquillidae|||Hemisquillidae Manning, 1980	1
Phaethon rubricauda melanorhynchos Gmelin, 1789	Animalia|Chordata|Aves|Phaethontiformes|Phaethontidae|Phaethon|rubricauda|Phaethon rubricauda melanorhynchos Gmelin, 1789	1
Columba livia Gmelin, 1789	Animalia|Chordata|Aves|Columbiformes|Columbidae|Columba|livia|Columba livia Gmelin, 1789	1
Isopoda Latreille, 1817	Animalia|Arthropoda|Malacostraca|Isopoda||||Isopoda Latreille, 1817	1
Tetraodontidae	Animalia|Chordata|Actinopterygii|Tetraodontiformes|Tetraodontidae|||Tetraodontidae	1
Gymnothorax undulatus (Lacepède, 1803)	Animalia|Chordata|Actinopterygii|Anguilliformes|Muraenidae|Gymnothorax|undulatus|Gymnothorax undulatus (Lacepède, 1803)	1
Padina Adans.	Chromista|Ochrophyta|Phaeophyceae|Dictyotales|Dictyotaceae|Padina||Padina Adans.	1
Portulaca oleracea L.	Plantae|Magnoliophyta|Magnoliopsida|Caryophyllales|Portulacaceae|Portulaca|oleracea|Portulaca oleracea L.	1
Dictyota bartayresiana J.V. Lamouroux	Chromista|Ochrophyta|Phaeophyceae|Dictyotales|Dictyotaceae|Dictyota|bartayresiana|Dictyota bartayresiana J.V. Lamouroux	1
Galatheidae	Animalia|Arthropoda|Malacostraca|Decapoda|Galatheidae|||Galatheidae	1
Procelsterna cerulea	Animalia|Chordata|Aves|Charadriiformes|Laridae|Procelsterna|Procelsterna cerulea	1
Nerita reticulata Karsten, 1789	Animalia|Mollusca|Gastropoda|Cycloneritimorpha|Neritidae|Nerita|reticulata|Nerita reticulata Karsten, 1789	1
Felis silvestris Schreber, 1777	Animalia|Chordata|Mammalia|Carnivora|Felidae|Felis|silvestris|Felis silvestris Schreber, 1777	1
Triaenodon obesus (Rüppell, 1837)	Animalia|Chordata|Elasmobranchii|Carcharhiniformes|Carcharhinidae|Triaenodon|obesus|Triaenodon obesus (Rüppell, 1837)	1
Millepora Linnaeus, 1758	Animalia|Cnidaria|Hydrozoa|Anthoathecata|Milleporidae|Millepora||Millepora Linnaeus, 1758	1
Codium edule P.C. Silva	Plantae|Chlorophyta|Bryopsidophyceae|Bryopsidales|Codiaceae|Codium|edule|Codium edule P.C. Silva	1
Cirrhitidae	Animalia|Chordata|Actinopterygii|Perciformes|Cirrhitidae|||Cirrhitidae	1
Ocypode ceratophthalma	Animalia|Arthropoda|Malacostraca|Decapoda|Ocypodidae|Ocypode|Ocypode ceratophthalma	1
Turbinaria ornata (Turner) J.Agardh, 1848	Chromista|Ochrophyta|Phaeophyceae|Fucales|Sargassaceae|Turbinaria|ornata|Turbinaria ornata (Turner) J.Agardh, 1848	1
Heterosiphonia crispella (C.Agardh) M.J.Wynne, 1985	Plantae|Rhodophyta|Florideophyceae|Ceramiales|Dasyaceae|Heterosiphonia|crispella|Heterosiphonia crispella (C.Agardh) M.J.Wynne, 1985	1
Ptereleotris zebra (Fowler, 1938)	Animalia|Chordata|Actinopterygii|Perciformes|Ptereleotridae|Ptereleotris|zebra|Ptereleotris zebra (Fowler, 1938)	1
Hemisquillidae	Animalia|Arthropoda|Malacostraca|Stomatopoda|Hemisquillidae|||Hemisquillidae	1
Labridae	Animalia|Chordata|Actinopterygii|Perciformes|Labridae|||Labridae	1
Toxopneustes maculatus (Lamarck, 1816)	Animalia|Echinodermata|Echinoidea|Camarodonta|Toxopneustidae|Toxopneustes|maculatus|Toxopneustes maculatus (Lamarck, 1816)	1
Dictyota bartayresiana J.V.Lamouroux, 1809	Chromista|Ochrophyta|Phaeophyceae|Dictyotales|Dictyotaceae|Dictyota|bartayresiana|Dictyota bartayresiana J.V.Lamouroux, 1809	1
Stylaster elegans Verrill, 1864	Animalia|Cnidaria|Hydrozoa|Anthoathecata|Stylasteridae|Stylaster|elegans|Stylaster elegans Verrill, 1864	1
Caligus balistae Steenstrup & Lütken, 1861	Animalia|Arthropoda|Maxillopoda|Siphonostomatoida|Caligidae|Caligus|balistae|Caligus balistae Steenstrup & Lütken, 1861	1
Lambis truncata (Lightfoot, 1786)	Animalia|Mollusca|Gastropoda|Littorinimorpha|Strombidae|Lambis|truncata|Lambis truncata (Lightfoot, 1786)	1
Gobiidae	Animalia|Chordata|Actinopterygii|Perciformes|Gobiidae|||Gobiidae	1
Phymodius Milne-Edwards, 1863	Animalia|Arthropoda|Malacostraca|Decapoda|Xanthidae|Phymodius||Phymodius Milne-Edwards, 1863	1
Heterosiphonia crispella (C. Agardh) M.J. Wynne	Plantae|Rhodophyta|Florideophyceae|Ceramiales|Dasyaceae|Heterosiphonia|crispella|Heterosiphonia crispella (C. Agardh) M.J. Wynne	1
Galatheidae Samouelle, 1819	Animalia|Arthropoda|Malacostraca|Decapoda|Galatheidae|||Galatheidae Samouelle, 1819	1
Isopoda	Animalia|Arthropoda|Malacostraca|Isopoda||||Isopoda	1
Portulaca oleracea L.	Plantae|Tracheophyta|Magnoliopsida|Caryophyllales|Portulacaceae|Portulaca|oleracea|Portulaca oleracea L.	1
Coenobita Agassiz, 1846	Animalia|Arthropoda|Malacostraca|Decapoda|Coenobitidae|Coenobita||Coenobita Agassiz, 1846	1
Istiblennius Whitley, 1943	Animalia|Chordata|Actinopterygii|Perciformes|Blenniidae|Istiblennius||Istiblennius Whitley, 1943	1
Epinephelus Bloch, 1793	Animalia|Chordata|Actinopterygii|Perciformes|Serranidae|Epinephelus||Epinephelus Bloch, 1793	1
Bothus Rafinesque, 1810	Animalia|Chordata|Actinopterygii|Pleuronectiformes|Bothidae|Bothus||Bothus Rafinesque, 1810	1
Puffinus bailloni (Bonaparte, 1857)	Animalia|Chordata|Aves|Procellariiformes|Procellariidae|Puffinus|bailloni|Puffinus bailloni (Bonaparte, 1857)	1
Centroceras clavulatum (C.Agardh) Montagne, 1846	Plantae|Rhodophyta|Florideophyceae|Ceramiales|Ceramiaceae|Centroceras|clavulatum|Centroceras clavulatum (C.Agardh) Montagne, 1846	1
Lestidium pofi Harry, 1953	Animalia|Chordata|Actinopterygii|Aulopiformes|Paralepididae|Lestrolepis|pofi|Lestidium pofi Harry, 1953	1
Phaethon rubricauda Boddaert, 1783	Animalia|Chordata|Aves|Phaethontiformes|Phaethontidae|Phaethon|rubricauda|Phaethon rubricauda Boddaert, 1783	1
Petrolisthes tomentosus (Dana, 1852)	Animalia|Arthropoda|Malacostraca|Decapoda|Porcellanidae|Petrolisthes|tomentosus|Petrolisthes tomentosus (Dana, 1852)	1
Onychoteuthis Lichtenstein, 1818	Animalia|Mollusca|Cephalopoda|Oegopsida|Onychoteuthidae|Onychoteuthis||Onychoteuthis Lichtenstein, 1818	1
Cryptoblepharus egeriae (Boulenger, 1888)	Animalia|Chordata|Reptilia|Squamata|Scincidae|Cryptoblepharus|egeriae|Cryptoblepharus egeriae (Boulenger, 1888)	1
Manta alfredi (Krefft, 1868)	Animalia|Chordata|Elasmobranchii|Rajiformes|Myliobatidae|Manta|alfredi|Manta alfredi (Krefft, 1868)	1
Halomitra Dana, 1846	Animalia|Cnidaria|Anthozoa|Scleractinia|Fungiidae|Halomitra||Halomitra Dana, 1846	1
Millepora insignis Verrill, 1864	Animalia|Cnidaria|Hydrozoa|Anthoathecata|Milleporidae|Millepora|insignis|Millepora insignis Verrill, 1864	1
Ocypode ceratophthalmus	Animalia|Arthropoda|Malacostraca|Decapoda|Ocypodidae|Ocypode|Ocypode ceratophthalmus	1
Vini kuhlii (Vigors, 1824)	Animalia|Chordata|Aves|Psittaciformes|Psittacidae|Vini|kuhlii|Vini kuhlii (Vigors, 1824)	1
Gymnothorax prismodon Böhlke & Randall, 2000	Animalia|Chordata|Actinopterygii|Anguilliformes|Muraenidae|Gymnothorax|prismodon|Gymnothorax prismodon Böhlke & Randall, 2000	1
Ceratodictyon variabile (J.Agardh) R.E.Norris, 1987	Plantae|Rhodophyta|Florideophyceae|Rhodymeniales|Lomentariaceae|Ceratodictyon|variabile|Ceratodictyon variabile (J.Agardh) R.E.Norris, 1987	1
Ptereleotris zebra (Fowler, 1938)	Animalia|Chordata|Actinopterygii|Perciformes|Microdesmidae|Ptereleotris|zebra|Ptereleotris zebra (Fowler, 1938)	1
Gymnapogon Regan, 1905	Animalia|Chordata|Actinopterygii|Perciformes|Apogonidae|Gymnapogon||Gymnapogon Regan, 1905	1
Larus dominicanus Lichtenstein, 1823	Animalia|Chordata|Aves|Charadriiformes|Laridae|Larus|dominicanus|Larus dominicanus Lichtenstein, 1823	1
Stylaster Gray, 1831	Animalia|Cnidaria|Hydrozoa|Anthoathecata|Stylasteridae|Stylaster||Stylaster Gray, 1831	1
Helcogramma striata Hansen, 1986	Animalia|Chordata|Actinopterygii|Perciformes|Tripterygiidae|Helcogramma|striata|Helcogramma striata Hansen, 1986	1
Epibulus Cuvier, 1815	Animalia|Chordata|Actinopterygii|Perciformes|Labridae|Epibulus||Epibulus Cuvier, 1815	1
Octopus Cuvier, 1797	Animalia|Mollusca|Cephalopoda|Octopoda|Octopodidae|Octopus||Octopus Cuvier, 1797	1
Gymnothorax breedeni	Animalia|Chordata|Actinopterygii|Anguilliformes|Muraenidae|Gymnothorax|Gymnothorax breedeni	1
Epibulus brevis Carlson, Randall & Dawson, 2008	Animalia|Chordata|Actinopterygii|Perciformes|Labridae|Epibulus|brevis|Epibulus brevis Carlson, Randall & Dawson, 2008	1
Cryptodromia Stimpson, 1858	Animalia|Arthropoda|Malacostraca|Decapoda|Dromiidae|Cryptodromia||Cryptodromia Stimpson, 1858	1
Centroceras clavulatum (C. Agardh) Montagne	Plantae|Rhodophyta|Florideophyceae|Ceramiales|Ceramiaceae|Centroceras|clavulatum|Centroceras clavulatum (C. Agardh) Montagne	1
Stylophora stellata Verrill, 1864	Animalia|Cnidaria|Anthozoa|Scleractinia|Pocilloporidae|Stylophora|stellata|Stylophora stellata Verrill, 1864	1
Bivalvia	Animalia|Mollusca|Bivalvia|||||Bivalvia	1
Sesuvium portulacastrum (L.) L.	Plantae|Magnoliophyta|Magnoliopsida|Caryophyllales|Aizoaceae|Sesuvium|portulacastrum|Sesuvium portulacastrum (L.) L.	1
Pomacentrus coelestis	Animalia|Chordata|Actinopterygii|Perciformes|Pomacentridae|Pomacentrus|Pomacentrus coelestis	1
Gobioides Lacepède, 1800	Animalia|Chordata|Actinopterygii|Perciformes|Gobiidae|Gobioides||Gobioides Lacepède, 1800	1
Fungia serrulata Verrill, 1864	Animalia|Cnidaria|Anthozoa|Scleractinia|Fungiidae|Fungia|serrulata|Fungia serrulata Verrill, 1864	1
Sarcophyton glaucum (Quoy & Gaimard, 1833)	Animalia|Cnidaria|Anthozoa|Alcyonacea|Alcyoniidae|Sarcophyton|glaucum|Sarcophyton glaucum (Quoy & Gaimard, 1833)	1
Cirripectes Swainson, 1839	Animalia|Chordata|Actinopterygii|Perciformes|Blenniidae|Cirripectes||Cirripectes Swainson, 1839	1
Monacanthidae	Animalia|Chordata|Actinopterygii|Tetraodontiformes|Monacanthidae|||Monacanthidae	1
Pomacentrus auriventris	Animalia|Chordata|Actinopterygii|Perciformes|Pomacentridae|Pomacentrus|Pomacentrus auriventris	1
Coenobita Latreille, 1829	Animalia|Arthropoda|Malacostraca|Decapoda|Coenobitidae|Coenobita||Coenobita Latreille, 1829	1
Gygis alba microrhyncha H. Saunders, 1876	Animalia|Chordata|Aves|Charadriiformes|Laridae|Gygis|alba|Gygis alba microrhyncha H. Saunders, 1876	1
Chelonia mydas Linnaeus, 1758	Animalia|Chordata|Reptilia|Testudines|Cheloniidae|Chelonia|mydas|Chelonia mydas Linnaeus, 1758	1
Cardisoma Latreille, 1825	Animalia|Arthropoda|Malacostraca|Decapoda|Gecarcinidae|Cardisoma||Cardisoma Latreille, 1825	1
Thalasseus bergii (Lichtenstein, 1823)	Animalia|Chordata|Aves|Charadriiformes|Laridae|Thalasseus|bergii|Thalasseus bergii (Lichtenstein, 1823)	1
Platybelone argalus subsp. pterura (Osburn & Nichols, 1916)	Animalia|Chordata|Actinopterygii|Beloniformes|Belonidae|Platybelone|argalus|Platybelone argalus subsp. pterura (Osburn & Nichols, 1916)	1
Serranidae	Animalia|Chordata|Actinopterygii|Perciformes|Serranidae|||Serranidae	1
Synodontidae	Animalia|Chordata|Actinopterygii|Aulopiformes|Synodontidae|||Synodontidae	1
Odonus niger (Rüppell, 1836)	Animalia|Chordata|Actinopterygii|Tetraodontiformes|Balistidae|Odonus|niger|Odonus niger (Rüppell, 1836)	1
Fistularia petimba Lacepède, 1803	Animalia|Chordata|Actinopterygii|Syngnathiformes|Fistulariidae|Fistularia|petimba|Fistularia petimba Lacepède, 1803	1
Anous ceruleus	Animalia|Chordata|Aves|Charadriiformes|Laridae|Anous|Anous ceruleus	1
Acanthophora spicifera (M.Vahl) Børgesen, 1910	Plantae|Rhodophyta|Florideophyceae|Ceramiales|Rhodomelaceae|Acanthophora|spicifera|Acanthophora spicifera (M.Vahl) Børgesen, 1910	1
Sesuvium portulacastrum (L.) L.	Plantae|Tracheophyta|Magnoliopsida|Caryophyllales|Aizoaceae|Sesuvium|portulacastrum|Sesuvium portulacastrum (L.) L.	1
Stenopus hispidus (Olivier, 1811)	Animalia|Arthropoda|Malacostraca|Decapoda|Stenopodidae|Stenopus|hispidus|Stenopus hispidus (Olivier, 1811)	1
Scorpaenopsis Heckel, 1837	Animalia|Chordata|Actinopterygii|Scorpaeniformes|Scorpaenidae|Scorpaenopsis||Scorpaenopsis Heckel, 1837	1
Odonus niger (Ruppell, 1836)	Animalia|Chordata|Actinopterygii|Tetraodontiformes|Balistidae|Odonus|niger|Odonus niger (Ruppell, 1836)	1
Nerita reticulata Karsten, 1789	Animalia|Mollusca|Gastropoda|Neritopsina|Neritidae|Nerita|reticulata|Nerita reticulata Karsten, 1789	1
Helcogramma striatum Hansen, 1986	Animalia|Chordata|Actinopterygii|Perciformes|Tripterygiidae|Helcogramma|striatum|Helcogramma striatum Hansen, 1986	1
Halomitra tiara Verrill, 1864	Animalia|Cnidaria|Anthozoa|Scleractinia|Fungiidae|Halomitra|tiara|Halomitra tiara Verrill, 1864	1
Onychoteuthis compacta (Berry, 1913)	Animalia|Mollusca|Cephalopoda|Oegopsida|Onychoteuthidae|Onychoteuthis|compacta|Onychoteuthis compacta (Berry, 1913)	1
Acanthophora spicifera (M. Vahl) Børgesen	Plantae|Rhodophyta|Florideophyceae|Ceramiales|Rhodomelaceae|Acanthophora|spicifera|Acanthophora spicifera (M. Vahl) Børgesen	1
Chlorodopsis Milne-Edwards, 1863	Animalia|Arthropoda|Malacostraca|Decapoda|Xanthidae|Chlorodopsis||Chlorodopsis Milne-Edwards, 1863	1
Phymodius A. Milne-Edwards, 1863	Animalia|Arthropoda|Malacostraca|Decapoda|Xanthidae|Phymodius||Phymodius A. Milne-Edwards, 1863	1
Caesio caerulaurea Lacepède, 1801	Animalia|Chordata|Actinopterygii|Perciformes|Caesionidae|Caesio|caerulaurea|Caesio caerulaurea Lacepède, 1801	1
Codium edule P.C.Silva, 1952	Plantae|Chlorophyta|Ulvophyceae|Bryopsidales|Codiaceae|Codium|edule|Codium edule P.C.Silva, 1952	1
Stylophora pistillata (Esper, 1797)	Animalia|Cnidaria|Anthozoa|Scleractinia|Pocilloporidae|Stylophora|pistillata|Stylophora pistillata (Esper, 1797)	1
Chlorodopsis Milne Edwards, 1873	Animalia|Arthropoda|Malacostraca|Decapoda|Xanthidae|Chlorodopsis||Chlorodopsis Milne Edwards, 1873	1
Phaethon rubricauda subsp. melanorhynchos Gmelin, 1789	Animalia|Chordata|Aves|Phaethontiformes|Phaethontidae|Phaëthon|rubricauda|Phaethon rubricauda subsp. melanorhynchos Gmelin, 1789	1
Tridacna maxima (Röding, 1798)	Animalia|Mollusca|Bivalvia|Veneroida|Cardiidae|Tridacna|maxima|Tridacna maxima (Röding, 1798)	1
Chelonia mydas (Linnaeus, 1758)	Animalia|Chordata|Reptilia|Testudines|Cheloniidae|Chelonia|mydas|Chelonia mydas (Linnaeus, 1758)	1
Gygis alba subsp. microrhyncha Saunders, 1876	Animalia|Chordata|Aves|Charadriiformes|Laridae|Gygis|alba|Gygis alba subsp. microrhyncha Saunders, 1876	1
Fungia Lamarck, 1801	Animalia|Cnidaria|Anthozoa|Scleractinia|Fungiidae|Fungia||Fungia Lamarck, 1801	1
Annelida	Animalia|Annelida||||||Annelida	1
Pterois Oken, 1817	Animalia|Chordata|Actinopterygii|Scorpaeniformes|Scorpaenidae|Pterois||Pterois Oken, 1817	1
Scorpaenodes Bleeker, 1857	Animalia|Chordata|Actinopterygii|Scorpaeniformes|Scorpaenidae|Scorpaenodes||Scorpaenodes Bleeker, 1857	1