taxonName	taxonPath	recordCount
Philonesia pitcairnensis Baker	Animalia|Mollusca|Gastropoda|Stylommatophora|Helicarionidae|Philonesia|pitcairnensis|Philonesia pitcairnensis Baker	153
Philonesia Sykes, 1900	Animalia|Mollusca|Gastropoda|Stylommatophora|Helicarionidae|Philonesia||Philonesia Sykes, 1900	83
Achatinellidae Gulick, 1873	Animalia|Mollusca|Gastropoda|Pulmonata|Achatinellidae|||Achatinellidae Gulick, 1873	26
Senecio stokesii F.Br.	Plantae|Magnoliophyta|Magnoliopsida|Asterales|Asteraceae||stokesii|Senecio stokesii F.Br.	26
Emoia cyanura (Lesson, 1826)	Animalia|Chordata|Reptilia|Squamata|Scincidae|Emoia|cyanura|Emoia cyanura (Lesson, 1826)	16
Helicarionidae	Animalia|Mollusca|Gastropoda|Stylommatophora|Helicarionidae|||Helicarionidae	15
Philonesia filiceti Baker	Animalia|Mollusca|Gastropoda|Stylommatophora|Helicarionidae|Philonesia|filiceti|Philonesia filiceti Baker	13
Achatinellidae	Animalia|Mollusca|Gastropoda|Stylommatophora|Achatinellidae|||Achatinellidae	13
Gehyra mutilata (Wiegmann, 1834)	Animalia|Chordata|Reptilia|Squamata|Gekkonidae|Gehyra|mutilata|Gehyra mutilata (Wiegmann, 1834)	13
Echinoneus cyclostomus Leske, 1778	Animalia|Echinodermata|Echinoidea|Echinoneoida|Echinoneidae|Echinoneus|cyclostomus|Echinoneus cyclostomus Leske, 1778	11
Spirastrella decumbens Ridley, 1884	Animalia|Porifera|Demospongiae|Clionaida|Spirastrellidae|Spirastrella|decumbens|Spirastrella decumbens Ridley, 1884	9
Spirastrella decumbens Ridley, 1884	Animalia|Porifera|Demospongiae|Hadromerida|Spirastrellidae|Spirastrella|decumbens|Spirastrella decumbens Ridley, 1884	9
Echinometra oblonga (Blainville, 1825)	Animalia|Echinodermata|Echinoidea|Camarodonta|Echinometridae|Echinometra|oblonga|Echinometra oblonga (Blainville, 1825)	9
Paguroidea Latreille, 1802	Animalia|Arthropoda|Malacostraca|Decapoda||||Paguroidea Latreille, 1802	8
Spongia magellanica Thiele, 1905	Animalia|Porifera|Demospongiae|Dictyoceratida|Spongiidae|Spongia|magellanica|Spongia magellanica Thiele, 1905	8
Jaspis Gray, 1867	Animalia|Porifera|Demospongiae|Astrophorida|Ancorinidae|Jaspis||Jaspis Gray, 1867	8
Echinometra mathaei (Blainville, 1825)	Animalia|Echinodermata|Echinoidea|Camarodonta|Echinometridae|Echinometra|mathaei|Echinometra mathaei (Blainville, 1825)	8
Senecio stokesii F.Br.	Plantae|Tracheophyta|Magnoliopsida|Asterales|Asteraceae|Senecio|stokesii|Senecio stokesii F.Br.	8
Jaspis Gray, 1867	Animalia|Porifera|Demospongiae|Tetractinellida|Ancorinidae|Jaspis||Jaspis Gray, 1867	8
Calcinus seurati Forest, 1951	Animalia|Arthropoda|Malacostraca|Decapoda|Diogenidae|Calcinus|seurati|Calcinus seurati Forest, 1951	6
Holothuria atra Jaeger, 1833	Animalia|Echinodermata|Holothuroidea|Aspidochirotida|Holothuriidae|Holothuria|atra|Holothuria atra Jaeger, 1833	6
Actinopyga palauensis Panning, 1944	Animalia|Echinodermata|Holothuroidea|Aspidochirotida|Holothuriidae|Actinopyga|palauensis|Actinopyga palauensis Panning, 1944	6
Korthalsella disticha (Endl.) Engl.	Plantae|Magnoliophyta|Magnoliopsida|Santalales|Santalaceae|Korthalsella|disticha|Korthalsella disticha (Endl.) Engl.	6
Endodontidae	Animalia|Mollusca|Gastropoda|Stylommatophora|Endodontidae|||Endodontidae	6
Calcinus elegans (H. Milne Edwards, 1836)	Animalia|Arthropoda|Malacostraca|Decapoda|Diogenidae|Calcinus|elegans|Calcinus elegans (H. Milne Edwards, 1836)	6
Metalia spatagus (Linnaeus, 1758)	Animalia|Echinodermata|Echinoidea|Spatangoida|Brissidae|Metalia|spatagus|Metalia spatagus (Linnaeus, 1758)	6
Lipinia noctua (Lesson, 1826)	Animalia|Chordata|Reptilia|Squamata|Scincidae|Lipinia|noctua|Lipinia noctua (Lesson, 1826)	5
Bidens hendersonensis var. hendersonensis	Plantae|Magnoliophyta|Magnoliopsida|Asterales|Asteraceae||hendersonensis|Bidens hendersonensis var. hendersonensis	5
Euphorbia sparrmannii Boiss.	Plantae|Magnoliophyta|Magnoliopsida|Malpighiales|Euphorbiaceae|Euphorbia|sparrmannii|Euphorbia sparrmannii Boiss.	5
Ascaltis Haeckel, 1872	Animalia|Porifera|Calcarea|Clathrinida|Leucascidae|Ascaltis||Ascaltis Haeckel, 1872	4
Ophiocoma dentata Müller & Troschel, 1842	Animalia|Echinodermata|Ophiuroidea|Ophiurida|Ophiocomidae|Ophiocoma|dentata|Ophiocoma dentata Müller & Troschel, 1842	4
Holothuria nobilis (Selenka, 1867)	Animalia|Echinodermata|Holothuroidea|Aspidochirotida|Holothuriidae|Holothuria|nobilis|Holothuria nobilis (Selenka, 1867)	4
Diadema savignyi (Audouin, 1829)	Animalia|Echinodermata|Echinoidea|Diadematoida|Diadematidae|Diadema|savignyi|Diadema savignyi (Audouin, 1829)	4
Holothuria signata Ludwig, 1875	Animalia|Echinodermata|Holothuroidea|Aspidochirotida|Holothuriidae|Holothuria|signata|Holothuria signata Ludwig, 1875	4
Heliotropium anomalum var. argenteum A. Gray	Plantae|Magnoliophyta|Magnoliopsida|Boraginales|Boraginaceae|Heliotropium|anomalum|Heliotropium anomalum var. argenteum A. Gray	4
Helicinidae Latreille, 1825	Animalia|Mollusca|Gastropoda|Neritopsina|Helicinidae|||Helicinidae Latreille, 1825	4
Korthalsella platycaula (Bertero ex van Tiegh.) Engl.	Plantae|Tracheophyta|Magnoliopsida|Santalales|Santalaceae|Korthalsella|platycaula|Korthalsella platycaula (Bertero ex van Tiegh.) Engl.	4
Paguridea Stimpson, 1862	Animalia|Arthropoda|Malacostraca|Decapoda|Paguridea|||Paguridea Stimpson, 1862	4
Holothuria arenicola Semper, 1868	Animalia|Echinodermata|Holothuroidea|Aspidochirotida|Holothuriidae|Holothuria|arenicola|Holothuria arenicola Semper, 1868	4
Lepidium bidentatum Montin	Plantae|Magnoliophyta|Magnoliopsida|Brassicales|Brassicaceae|Lepidium|bidentatum|Lepidium bidentatum Montin	4
Holothuria cinerascens (Brandt, 1835)	Animalia|Echinodermata|Holothuroidea|Aspidochirotida|Holothuriidae|Holothuria|cinerascens|Holothuria cinerascens (Brandt, 1835)	4
Lepidium bidentatum Montin	Plantae|Tracheophyta|Magnoliopsida|Brassicales|Brassicaceae|Lepidium|bidentatum|Lepidium bidentatum Montin	4
Linckia multifora (Lamarck, 1816)	Animalia|Echinodermata|Asteroidea|Valvatida|Ophidiasteridae|Linckia|multifora|Linckia multifora (Lamarck, 1816)	4
Ophiocoma erinaceus Müller & Troschel, 1842	Animalia|Echinodermata|Ophiuroidea|Ophiurida|Ophiocomidae|Ophiocoma|erinaceus|Ophiocoma erinaceus Müller & Troschel, 1842	4
Heterocentrotus trigonarius (Lamarck, 1816)	Animalia|Echinodermata|Echinoidea|Camarodonta|Echinometridae|Heterocentrotus|trigonarius|Heterocentrotus trigonarius (Lamarck, 1816)	4
Asplenium nidus L.	Plantae|Pteridophyta|Polypodiopsida|Polypodiales|Aspleniaceae|Asplenium|nidus|Asplenium nidus L.	4
Echinostrephus aciculatus A. Agassiz, 1863	Animalia|Echinodermata|Echinoidea|Camarodonta|Echinometridae|Echinostrephus|aciculatus|Echinostrephus aciculatus A. Agassiz, 1863	4
Ophionereis porrecta Lyman, 1860	Animalia|Echinodermata|Ophiuroidea|Ophiurida|Ophionereididae|Ophionereis|porrecta|Ophionereis porrecta Lyman, 1860	4
Georissa Blanford, 1884	Animalia|Mollusca|Gastropoda|Archaeogastropoda|Hydrocenidae|Georissa||Georissa Blanford, 1884	4
Euapta godeffroyi (Semper, 1868)	Animalia|Echinodermata|Holothuroidea|Apodida|Synaptidae|Euapta|godeffroyi|Euapta godeffroyi (Semper, 1868)	4
Heliotropium anomalum var. argenteum Gray	Plantae|Tracheophyta|Magnoliopsida|Boraginales|Boraginaceae|Heliotropium|anomalum|Heliotropium anomalum var. argenteum Gray	4
Asplenium nidus L.	Plantae|Tracheophyta|Polypodiopsida|Polypodiales|Aspleniaceae|Asplenium|nidus|Asplenium nidus L.	4
Calcinus Dana, 1851	Animalia|Arthropoda|Malacostraca|Decapoda|Diogenidae|Calcinus||Calcinus Dana, 1851	3
Timonius polygamus Oken	Plantae|Magnoliophyta|Magnoliopsida|Gentianales|Rubiaceae|Timonius|polygamus|Timonius polygamus Oken	3
Chondrosia chucalla de Laubenfels, 1936	Animalia|Porifera|Demospongiae|Chondrosiida|Chondrosiidae|Chondrosia|chucalla|Chondrosia chucalla de Laubenfels, 1936	3
Portulaca lutea Sol. ex G. Forst.	Plantae|Magnoliophyta|Magnoliopsida|Caryophyllales|Portulacaceae|Portulaca|lutea|Portulaca lutea Sol. ex G. Forst.	3
Portulaca lutea Sol. ex G. Forst.	Plantae|Tracheophyta|Magnoliopsida|Caryophyllales|Portulacaceae|Portulaca|lutea|Portulaca lutea Sol. ex G. Forst.	3
Pemphis acidula J.R. Forster & G. Forster	Plantae|Tracheophyta|Magnoliopsida|Myrtales|Lythraceae|Pemphis|acidula|Pemphis acidula J.R. Forster & G. Forster	3
Euphorbia sparrmanii Boiss.	Plantae|Tracheophyta|Magnoliopsida|Malpighiales|Euphorbiaceae|Euphorbia|sparrmanii|Euphorbia sparrmanii Boiss.	3
Pemphis acidula J.R. Forst. & G. Forst.	Plantae|Magnoliophyta|Magnoliopsida|Myrtales|Lythraceae|Pemphis|acidula|Pemphis acidula J.R. Forst. & G. Forst.	3
Endodontidae Pilsbry, 1895	Animalia|Mollusca|Gastropoda|Stylommatophora|Endodontidae|||Endodontidae Pilsbry, 1895	3
Korthalsella disticha (Endl.) Engl.	Plantae|Tracheophyta|Magnoliopsida|Santalales|Santalaceae|Korthalsella|disticha|Korthalsella disticha (Endl.) Engl.	3
Korthalsella rubescens Lecomte	Plantae|Magnoliophyta|Magnoliopsida|Santalales|Santalaceae|Korthalsella|rubescens|Korthalsella rubescens Lecomte	3
Microsorum grossum (Langsd. & Fisch.) S.B.Andrews	Plantae|Pteridophyta|Polypodiopsida|Polypodiales|Polypodiaceae|Microsorum|grossum|Microsorum grossum (Langsd. & Fisch.) S.B.Andrews	3
Ptilinopus insularis North, 1908	Animalia|Chordata|Aves|Columbiformes|Columbidae|Ptilinopus|insularis|Ptilinopus insularis North, 1908	3
Korthalsella rubescens (van Tiegh.) Lecomte	Plantae|Tracheophyta|Magnoliopsida|Santalales|Santalaceae|Korthalsella|rubescens|Korthalsella rubescens (van Tiegh.) Lecomte	3
Korthalsella platycaula (Tiegh.) Engl.	Plantae|Magnoliophyta|Magnoliopsida|Santalales|Santalaceae|Korthalsella|platycaula|Korthalsella platycaula (Tiegh.) Engl.	3
Celtis pacifica Planch.	Plantae|Tracheophyta|Magnoliopsida|Rosales|Cannabaceae|Celtis|pacifica|Celtis pacifica Planch.	3
Ixora fragrans (Hook. & Arn.) A.Gray	Plantae|Magnoliophyta|Magnoliopsida|Gentianales|Rubiaceae|Ixora|fragrans|Ixora fragrans (Hook. & Arn.) A.Gray	3
Chondrosia chucalla de Laubenfels, 1954	Animalia|Porifera|Demospongiae|Chondrosida|Chondrillidae|Chondrosia|chucalla|Chondrosia chucalla de Laubenfels, 1954	3
Microsorum grossum (Langsd. & Fisch.) S. B. Andrews	Plantae|Tracheophyta|Polypodiopsida|Polypodiales|Polypodiaceae|Phymatosorus|grossum|Microsorum grossum (Langsd. & Fisch.) S. B. Andrews	3
Allostichaster peleensis Marsh, 1974	Animalia|Echinodermata|Asteroidea|Forcipulatida|Stichasteridae|Allostichaster|peleensis|Allostichaster peleensis Marsh, 1974	2
Macrophiothrix H.L. Clark, 1938	Animalia|Echinodermata|Ophiuroidea|Ophiurida|Ophiotrichidae|Macrophiothrix||Macrophiothrix H.L. Clark, 1938	2
Labidodemas semperianum Selenka, 1867	Animalia|Echinodermata|Holothuroidea|Aspidochirotida|Holothuriidae|Labidodemas|semperianum|Labidodemas semperianum Selenka, 1867	2
Chamaesyce sparrmanii (Boiss.) Hurus. ex S.C.Lin	Plantae|Magnoliophyta|Magnoliopsida|Malpighiales|Euphorbiaceae|Euphorbia|sparrmanii|Chamaesyce sparrmanii (Boiss.) Hurus. ex S.C.Lin	2
Santalum insulare var. hendersonense (F. Brown) F.R. Fosberg & M.-H. Sachet	Plantae|Tracheophyta|Magnoliopsida|Santalales|Santalaceae|Santalum|insulare|Santalum insulare var. hendersonense (F. Brown) F.R. Fosberg & M.-H. Sachet	2
Neoferdina cumingi (Gray, 1840)	Animalia|Echinodermata|Asteroidea|Valvatida|Goniasteridae|Neoferdina|cumingi|Neoferdina cumingi (Gray, 1840)	2
Tripneustes gratilla (Linnaeus, 1758)	Animalia|Echinodermata|Echinoidea|Camarodonta|Toxopneustidae|Tripneustes|gratilla|Tripneustes gratilla (Linnaeus, 1758)	2
Conus tulipa Linnaeus, 1758	Animalia|Mollusca|Gastropoda|Neogastropoda|Conidae||tulipa|Conus tulipa Linnaeus, 1758	2
Allopeas H. B. Baker, 1935	Animalia|Mollusca|Gastropoda|Stylommatophora|Subulinidae|Allopeas||Allopeas H. B. Baker, 1935	2
Xylosma suaveolens G.Forst.	Plantae|Tracheophyta|Magnoliopsida|Malpighiales|Salicaceae|Xylosma|suaveolens|Xylosma suaveolens G.Forst.	2
Actinopyga varians (Selenka, 1867)	Animalia|Echinodermata|Holothuroidea|Aspidochirotida|Holothuriidae|Actinopyga|varians|Actinopyga varians (Selenka, 1867)	2
Holothuria difficilis Semper, 1868	Animalia|Echinodermata|Holothuroidea|Aspidochirotida|Holothuriidae|Holothuria|difficilis|Holothuria difficilis Semper, 1868	2
Psammocora stellata Verrill, 1866	Animalia|Cnidaria|Anthozoa|Scleractinia|Siderastreidae|Psammocora|stellata|Psammocora stellata Verrill, 1866	2
Cerithium echinatum Lamarck, 1822	Animalia|Mollusca|Gastropoda|Neotaenioglossa|Cerithiidae|Cerithium|echinatum|Cerithium echinatum Lamarck, 1822	2
Porzana atra North, 1908	Animalia|Chordata|Aves|Gruiformes|Rallidae|Porzana|atra|Porzana atra North, 1908	2
Lamellodysidea herbacea (Keller, 1889)	Animalia|Porifera|Demospongiae|Dictyoceratida|Dysideidae|Lamellodysidea|herbacea|Lamellodysidea herbacea (Keller, 1889)	2
Peperomia hendersonensis Yunck.	Plantae|Tracheophyta|Magnoliopsida|Piperales|Piperaceae|Peperomia|hendersonensis|Peperomia hendersonensis Yunck.	2
Tridacna maxima Röding, 1798	Animalia|Mollusca|Bivalvia|Veneroida|Tridacnidae|Tridacna|maxima|Tridacna maxima Röding, 1798	2
Chamaesyce sparrmannii (Boiss.) Hurus.	Plantae|Tracheophyta|Magnoliopsida|Malpighiales|Euphorbiaceae|Euphorbia|sparrmannii|Chamaesyce sparrmannii (Boiss.) Hurus.	2
Ophiocoma brevipes Peters, 1851	Animalia|Echinodermata|Ophiuroidea|Ophiurida|Ophiocomidae|Ophiocoma|brevipes|Ophiocoma brevipes Peters, 1851	2
Darwinella gardineri Topsent, 1905	Animalia|Porifera|Demospongiae|Dendroceratida|Darwinellidae|Darwinella|gardineri|Darwinella gardineri Topsent, 1905	2
Ophiocoma pica Müller & Troschel, 1842	Animalia|Echinodermata|Ophiuroidea|Ophiurida|Ophiocomidae|Ophiocoma|pica|Ophiocoma pica Müller & Troschel, 1842	2
Santalum insulare var. hendersonense (F.Brown) Fosberg & Sachet	Plantae|Magnoliophyta|Magnoliopsida|Santalales|Santalaceae|Santalum|insulare|Santalum insulare var. hendersonense (F.Brown) Fosberg & Sachet	2
Hemiphyllodactylus typus Bleeker, 1860	Animalia|Chordata|Reptilia|Squamata|Gekkonidae|Hemiphyllodactylus|typus|Hemiphyllodactylus typus Bleeker, 1860	2
Ixora fragrans (Hook. & Arn.) A.Gray	Plantae|Tracheophyta|Magnoliopsida|Gentianales|Rubiaceae|Ixora|fragrans|Ixora fragrans (Hook. & Arn.) A.Gray	2
Vini stepheni (North, 1908)	Animalia|Chordata|Aves|Psittaciformes|Psittacidae|Vini|stepheni|Vini stepheni (North, 1908)	2
Dactylosaster cylindricus (Lamarck, 1816)	Animalia|Echinodermata|Asteroidea|Valvatida|Ophidiasteridae|Dactylosaster|cylindricus|Dactylosaster cylindricus (Lamarck, 1816)	2
Boerhavia tetrandra Forst. fil.	Plantae|Tracheophyta|Magnoliopsida|Caryophyllales|Nyctaginaceae|Boerhavia|tetrandra|Boerhavia tetrandra Forst. fil.	2
Ipomoea violacea L.	Plantae|Tracheophyta|Magnoliopsida|Solanales|Convolvulaceae|Ipomoea|violacea|Ipomoea violacea L.	2
Zoanthidae Rafinesque, 1815	Animalia|Cnidaria|Anthozoa|Zoantharia|Zoanthidae|||Zoanthidae Rafinesque, 1815	2
Helicinidae Férussac, 1822	Animalia|Mollusca|Gastropoda|Cycloneritimorpha|Helicinidae|||Helicinidae Férussac, 1822	2
Ophionereis dubia (Müller & Troschel, 1842)	Animalia|Echinodermata|Ophiuroidea|Ophiurida|Ophiomyxidae|Ophiomyxa|dubia|Ophionereis dubia (Müller & Troschel, 1842)	2
Tridacna maxima (Röding, 1798)	Animalia|Mollusca|Bivalvia|Veneroida|Cardiidae|Tridacna|maxima|Tridacna maxima (Röding, 1798)	2
Boerhavia tetrandra G. Forst.	Plantae|Magnoliophyta|Magnoliopsida|Caryophyllales|Nyctaginaceae|Boerhavia|tetrandra|Boerhavia tetrandra G. Forst.	2
Mortonia australis (Desmoulins, 1837)	Animalia|Echinodermata|Echinoidea|Clypeasteroida|Echinocyamidae|Mortonia|australis|Mortonia australis (Desmoulins, 1837)	2
Gygis alba (Sparrman, 1786)	Animalia|Chordata|Aves|Charadriiformes|Laridae|Gygis|alba|Gygis alba (Sparrman, 1786)	2
Sula dactylatra Lesson, 1831	Animalia|Chordata|Aves|Suliformes|Sulidae|Sula|dactylatra|Sula dactylatra Lesson, 1831	2
Pterodroma atrata (Mathews, 1912)	Animalia|Chordata|Aves|Procellariiformes|Procellariidae|Pterodroma|atrata|Pterodroma atrata (Mathews, 1912)	2
Psychotria L.	Plantae|Magnoliophyta|Magnoliopsida|Gentianales|Rubiaceae|Psychotria||Psychotria L.	2
Georissa Blanford, 1864	Animalia|Mollusca|Gastropoda|Cycloneritimorpha|Hydrocenidae|Georissa||Georissa Blanford, 1864	2
Asplenium polyodon G. Forst.	Plantae|Pteridophyta|Polypodiopsida|Polypodiales|Aspleniaceae|Asplenium|polyodon|Asplenium polyodon G. Forst.	2
Ammodytoides leptus Collette & Randall, 2000	Animalia|Chordata|Actinopterygii|Perciformes|Ammodytidae|Ammodytoides|leptus|Ammodytoides leptus Collette & Randall, 2000	2
Brissus latecarinatus (Leske, 1778)	Animalia|Echinodermata|Echinoidea|Spatangoida|Brissidae|Brissus|latecarinatus|Brissus latecarinatus (Leske, 1778)	2
Scopalina Schmidt, 1862	Animalia|Porifera|Demospongiae|Halichondrida|Scopalinidae|Scopalina||Scopalina Schmidt, 1862	2
Alpheus pacificus Dana, 1852	Animalia|Arthropoda|Malacostraca|Decapoda|Alpheidae|Alpheus|pacificus|Alpheus pacificus Dana, 1852	2
Ophiactis Lütken, 1856	Animalia|Echinodermata|Ophiuroidea|Ophiurida|Ophiactidae|Ophiactis||Ophiactis Lütken, 1856	2
Echinoneus abnormalis de Loriol, 1883	Animalia|Echinodermata|Echinoidea|Echinoneoida|Echinoneidae|Koehleraster|abnormalis|Echinoneus abnormalis de Loriol, 1883	2
Echinothrix calamaris (Pallas, 1774)	Animalia|Echinodermata|Echinoidea|Diadematoida|Diadematidae|Echinothrix|calamaris|Echinothrix calamaris (Pallas, 1774)	2
Holothuria Linnaeus, 1767	Animalia|Echinodermata|Holothuroidea|Aspidochirotida|Holothuriidae|Holothuria||Holothuria Linnaeus, 1767	2
Ophionereis dubia (Müller & Troschel, 1842), 1809	Animalia|Echinodermata|Ophiuroidea|Ophiurida|Ophionereididae|Ophionereis|dubia|Ophionereis dubia (Müller & Troschel, 1842), 1809	2
Clypeaster reticulatus (Linnaeus, 1758)	Animalia|Echinodermata|Echinoidea|Clypeasteroida|Clypeasteridae|Clypeaster|reticulatus|Clypeaster reticulatus (Linnaeus, 1758)	2
Thalassoma heiseri Randall & Edwards, 1984	Animalia|Chordata|Actinopterygii|Perciformes|Labridae|Thalassoma|heiseri|Thalassoma heiseri Randall & Edwards, 1984	2
Asplenium polyodon G. Forst.	Plantae|Tracheophyta|Polypodiopsida|Polypodiales|Aspleniaceae|Asplenium|polyodon|Asplenium polyodon G. Forst.	2
Celtis pacifica Planch.	Plantae|Magnoliophyta|Magnoliopsida|Rosales|Cannabaceae|Celtis|pacifica|Celtis pacifica Planch.	2
Fregata ariel (G. R. Gray, 1845)	Animalia|Chordata|Aves|Suliformes|Fregatidae|Fregata|ariel|Fregata ariel (G. R. Gray, 1845)	2
Scopalina australiensis (Pulitzer-Finali, 1982)	Animalia|Porifera|Demospongiae|Scopalinida|Scopalinidae|Scopalina|australiensis|Scopalina australiensis (Pulitzer-Finali, 1982)	2
Asplenium australasicum (J. Sm.) Hook.	Plantae|Tracheophyta|Polypodiopsida|Polypodiales|Aspleniaceae|Asplenium|australasicum|Asplenium australasicum (J. Sm.) Hook.	1
Collema Weber ex F.H.Wigg.	Fungi|Ascomycota|Lecanoromycetes|Peltigerales|Collemataceae|Collema||Collema Weber ex F.H.Wigg.	1
Asplenium australasicum Hook.	Plantae|Pteridophyta|Polypodiopsida|Polypodiales|Aspleniaceae|Asplenium|australasicum|Asplenium australasicum Hook.	1
Chiridota Eswchscholtz, 1829	Animalia|Echinodermata|Holothuroidea|Apodida|Chiridotidae|Chiridota||Chiridota Eswchscholtz, 1829	1
Allopeas micra (d'Orbigny, 1835)	Animalia|Mollusca|Gastropoda|Stylommatophora|Subulinidae|Allopeas|micra|Allopeas micra (d'Orbigny, 1835)	1
Excellichlamys spectabilis (Reeve, 1853)	Animalia|Mollusca|Bivalvia|Ostreoida|Pectinidae|Excellichlamys|spectabilis|Excellichlamys spectabilis (Reeve, 1853)	1
Phymatosorus grossus (Langsd. & Fisch.) Brownlie	Plantae|Pteridophyta|Polypodiopsida|Polypodiales|Polypodiaceae|Phymatosorus|grossus|Phymatosorus grossus (Langsd. & Fisch.) Brownlie	1
Thuarea involuta (G.Forst.) R.Br. ex Sm.	Plantae|Magnoliophyta|Liliopsida|Poales|Poaceae|Thuarea|involuta|Thuarea involuta (G.Forst.) R.Br. ex Sm.	1
Phyllanthus pitcairnensis (F.Br.) W.L.Wagner & Lorence	Plantae|Tracheophyta|Magnoliopsida|Malpighiales|Phyllanthaceae|Phyllanthus|pitcairnensis|Phyllanthus pitcairnensis (F.Br.) W.L.Wagner & Lorence	1
Phyllanthus Linnaeus, 1753	Plantae|Magnoliophyta|Magnoliopsida|Malpighiales|Phyllanthaceae|Phyllanthus||Phyllanthus Linnaeus, 1753	1
Spheciospongia solida (Ridley & Dendy, 1886)	Animalia|Porifera|Demospongiae|Hadromerida|Clionaidae|Spheciospongia|solida|Spheciospongia solida (Ridley & Dendy, 1886)	1
Psychotria L.	Plantae|Tracheophyta|Magnoliopsida|Gentianales|Rubiaceae|Psychotria||Psychotria L.	1
Macronectes Richmond, 1905	Animalia|Chordata|Aves|Procellariiformes|Procellariidae|Macronectes||Macronectes Richmond, 1905	1
Cerithium echinatum Lamarck, 1822	Animalia|Mollusca|Gastropoda||Cerithiidae|Cerithium|echinatum|Cerithium echinatum Lamarck, 1822	1
Acrocephalus taiti Ogilvie-Grant, 1913	Animalia|Chordata|Aves|Passeriformes|Acrocephalidae|Acrocephalus|taiti|Acrocephalus taiti Ogilvie-Grant, 1913	1
Alyxia stellata (J.R.Forst. & G.Forst.) Roem. & Schult.	Plantae|Tracheophyta|Magnoliopsida|Gentianales|Apocynaceae|Alyxia|stellata|Alyxia stellata (J.R.Forst. & G.Forst.) Roem. & Schult.	1
Myrsine hosakae Wilbur	Plantae|Magnoliophyta|Magnoliopsida|Ericales|Primulaceae|Myrsine|hosakae|Myrsine hosakae Wilbur	1
Microsorum maximum (Brack.) Copel.	Plantae|Tracheophyta|Polypodiopsida|Polypodiales|Polypodiaceae|Microsorum|maximum|Microsorum maximum (Brack.) Copel.	1
Suriana maritima L.	Plantae|Tracheophyta|Magnoliopsida|Fabales|Surianaceae|Suriana|maritima|Suriana maritima L.	1
Lepturus repens (J.R.Forst.) R.Br.	Plantae|Magnoliophyta|Liliopsida|Poales|Poaceae|Lepturus|repens|Lepturus repens (J.R.Forst.) R.Br.	1
Psydrax odorata (G.Forst.) A.C.Sm. & S.P.Darwin	Plantae|Magnoliophyta|Magnoliopsida|Gentianales|Rubiaceae|Psydrax|odorata|Psydrax odorata (G.Forst.) A.C.Sm. & S.P.Darwin	1
Batzella Topsent, 1893	Animalia|Porifera|Demospongiae|Poecilosclerida|Chondropsidae|Batzella||Batzella Topsent, 1893	1
Peperomia hendersonensis Yunck.	Plantae|Magnoliophyta|Magnoliopsida|Piperales|Piperaceae|Peperomia|hendersonensis|Peperomia hendersonensis Yunck.	1
Acrocephalus taiti Ogilvie-Grant, 1913	Animalia|Chordata|Aves|Passeriformes|Sylviidae|Acrocephalus|taiti|Acrocephalus taiti Ogilvie-Grant, 1913	1
Microsorum maximum (Brack.) Copel.	Plantae|Pteridophyta|Polypodiopsida|Polypodiales|Polypodiaceae|Microsorum|maximum|Microsorum maximum (Brack.) Copel.	1
Suriana maritima L.	Plantae|Magnoliophyta|Magnoliopsida|Fabales|Surianaceae|Suriana|maritima|Suriana maritima L.	1
Geniostoma hendersonense St. John	Plantae|Tracheophyta|Magnoliopsida|Gentianales|Loganiaceae|Geniostoma|hendersonense|Geniostoma hendersonense St. John	1
Lepturus repens (G.Forst.) R.Br.	Plantae|Tracheophyta|Liliopsida|Poales|Poaceae|Lepturus|repens|Lepturus repens (G.Forst.) R.Br.	1
Heterocentrotus mamillatus (Linnaeus, 1758)	Animalia|Echinodermata|Echinoidea|Camarodonta|Echinometridae|Heterocentrotus|mamillatus|Heterocentrotus mamillatus (Linnaeus, 1758)	1
Phymatosorus grossus (Langsd. & Fisch.) Brownlie	Plantae|Tracheophyta|Polypodiopsida|Polypodiales|Polypodiaceae|Phymatosorus|grossus|Phymatosorus grossus (Langsd. & Fisch.) Brownlie	1
Tethya seychellensis (Wright, 1881)	Animalia|Porifera|Demospongiae|Hadromerida|Tethyidae|Tethya|seychellensis|Tethya seychellensis (Wright, 1881)	1
Xylosma suaveolens subsp. haroldii Sleum.	Plantae|Tracheophyta|Magnoliopsida|Malpighiales|Salicaceae|Xylosma|suaveolens|Xylosma suaveolens subsp. haroldii Sleum.	1
Pione vastifica (Hancock, 1849)	Animalia|Porifera|Demospongiae|Hadromerida|Clionaidae|Pione|vastifica|Pione vastifica (Hancock, 1849)	1
Myrsine hosakae St. John	Plantae|Tracheophyta|Magnoliopsida|Ericales|Primulaceae|Myrsine|hosakae|Myrsine hosakae St. John	1
Sideroxylon st-johnianum (H.J.Lam & B.Meeuse) Smedmark & Anderb.	Plantae|Tracheophyta|Magnoliopsida|Ericales|Sapotaceae|Sideroxylon|st-johnianum|Sideroxylon st-johnianum (H.J.Lam & B.Meeuse) Smedmark & Anderb.	1
Bidens L.	Plantae|Tracheophyta|Magnoliopsida|Asterales|Asteraceae|Bidens||Bidens L.	1
Glochidion pitcairnense (F.Br.) H.St.John	Plantae|Magnoliophyta|Magnoliopsida|Malpighiales|Phyllanthaceae|Glochidion|pitcairnense|Glochidion pitcairnense (F.Br.) H.St.John	1
Orobophana A. J. Wagner, 1900	Animalia|Mollusca|Gastropoda|Cycloneritimorpha|Helicinidae|Orobophana||Orobophana A. J. Wagner, 1900	1
Phaethon rubricauda Boddaert, 1783	Animalia|Chordata|Aves|Phaethontiformes|Phaethontidae|Phaëthon|rubricauda|Phaethon rubricauda Boddaert, 1783	1
Orobophana Wagner, 1905	Animalia|Mollusca|Gastropoda|Neritopsina|Helicinidae|Orobophana||Orobophana Wagner, 1905	1
Xylosma suaveolens G.Forst.	Plantae|Magnoliophyta|Magnoliopsida|Malpighiales|Salicaceae|Xylosma|suaveolens|Xylosma suaveolens G.Forst.	1
Timonius polygamus Oken	Plantae|Tracheophyta|Magnoliopsida|Gentianales|Rubiaceae|Timonius|polygamus|Timonius polygamus Oken	1
Glochidion pitcairnense (F.Br.) H.St.John	Plantae|Tracheophyta|Magnoliopsida|Malpighiales|Phyllanthaceae|Phyllanthus|pitcairnense|Glochidion pitcairnense (F.Br.) H.St.John	1
Psydrax odorata (G.Forst.) A.C.Sm. & S.P.Darwin	Plantae|Tracheophyta|Magnoliopsida|Gentianales|Rubiaceae|Psydrax|odorata|Psydrax odorata (G.Forst.) A.C.Sm. & S.P.Darwin	1
Pione vastifica (Hancock, 1849)	Animalia|Porifera|Demospongiae|Clionaida|Clionaidae|Pione|vastifica|Pione vastifica (Hancock, 1849)	1
Tethya seychellensis (Wright, 1881)	Animalia|Porifera|Demospongiae|Tethyida|Tethyidae|Tethya|seychellensis|Tethya seychellensis (Wright, 1881)	1
Thuarea involuta (G. Forst.) R. Br. ex Roem. & Schult.	Plantae|Tracheophyta|Liliopsida|Poales|Poaceae|Thuarea|involuta|Thuarea involuta (G. Forst.) R. Br. ex Roem. & Schult.	1
Heterocentrotus mammillatus (Linnaeus, 1758)	Animalia|Echinodermata|Echinoidea|Camarodonta|Echinometridae|Heterocentrotus|mammillatus|Heterocentrotus mammillatus (Linnaeus, 1758)	1
Zoanthidae	Animalia|Cnidaria|Anthozoa|Zoantharia|Zoanthidae|||Zoanthidae	1
Tridacna squamosa Lamarck, 1819	Animalia|Mollusca|Bivalvia|Veneroida|Tridacnidae|Tridacna|squamosa|Tridacna squamosa Lamarck, 1819	1
Tridacna squamosa Lamarck, 1819	Animalia|Mollusca|Bivalvia|Veneroida|Cardiidae|Tridacna|squamosa|Tridacna squamosa Lamarck, 1819	1
Bidens hendersonensis Sherff	Plantae|Tracheophyta|Magnoliopsida|Asterales|Asteraceae|Bidens|hendersonensis|Bidens hendersonensis Sherff	1
Phaethon rubricauda Boddaert, 1783	Animalia|Chordata|Aves|Phaethontiformes|Phaethontidae|Phaethon|rubricauda|Phaethon rubricauda Boddaert, 1783	1
Geniostoma hendersonense St.John	Plantae|Magnoliophyta|Magnoliopsida|Gentianales|Loganiaceae|Geniostoma|hendersonense|Geniostoma hendersonense St.John	1
Timonius polygamus (G.Forst.) Rob.	Plantae|Tracheophyta|Magnoliopsida|Gentianales|Rubiaceae|Timonius|polygamus|Timonius polygamus (G.Forst.) Rob.	1
Bidens Linnaeus, 1753	Plantae|Magnoliophyta|Magnoliopsida|Asterales|Asteraceae|Bidens||Bidens Linnaeus, 1753	1
Spheciospongia solida (Ridley & Dendy, 1886)	Animalia|Porifera|Demospongiae|Clionaida|Clionaidae|Spheciospongia|solida|Spheciospongia solida (Ridley & Dendy, 1886)	1
Bidens hendersonensis var. hendersonensis	Plantae|Tracheophyta|Magnoliopsida|Asterales|Asteraceae|Bidens|hendersonensis|Bidens hendersonensis var. hendersonensis	1
Chiridota Eschscholtz, 1829	Animalia|Echinodermata|Holothuroidea|Apodida|Chiridotidae|Chiridota||Chiridota Eschscholtz, 1829	1
Batzella Topsent, 1891	Animalia|Porifera|Demospongiae|Poecilosclerida|Chondropsidae|Batzella||Batzella Topsent, 1891	1
Ipomoea violacea L.	Plantae|Magnoliophyta|Magnoliopsida|Solanales|Convolvulaceae|Ipomoea|violacea|Ipomoea violacea L.	1
Bidens hendersonensis Sherff	Plantae|Magnoliophyta|Magnoliopsida|Asterales|Asteraceae||hendersonensis|Bidens hendersonensis Sherff	1
Xylosma suaveolens subsp. haroldii Sluemer	Plantae|Magnoliophyta|Magnoliopsida|Malpighiales|Salicaceae|Xylosma|suaveolens|Xylosma suaveolens subsp. haroldii Sluemer	1